# ************************************************************
# Sequel Pro SQL dump
# Version 4096
#
# http://www.sequelpro.com/
# http://code.google.com/p/sequel-pro/
#
# Host: 127.0.0.1 (MySQL 5.5.35-0ubuntu0.12.04.2-log)
# Database: notify
# Generation Time: 2015-02-12 12:15:28 +0000
# ************************************************************


/*!40101 SET @OLD_CHARACTER_SET_CLIENT=@@CHARACTER_SET_CLIENT */;
/*!40101 SET @OLD_CHARACTER_SET_RESULTS=@@CHARACTER_SET_RESULTS */;
/*!40101 SET @OLD_COLLATION_CONNECTION=@@COLLATION_CONNECTION */;
/*!40101 SET NAMES utf8 */;
/*!40014 SET @OLD_FOREIGN_KEY_CHECKS=@@FOREIGN_KEY_CHECKS, FOREIGN_KEY_CHECKS=0 */;
/*!40101 SET @OLD_SQL_MODE=@@SQL_MODE, SQL_MODE='NO_AUTO_VALUE_ON_ZERO' */;
/*!40111 SET @OLD_SQL_NOTES=@@SQL_NOTES, SQL_NOTES=0 */;


# Dump of table alerts
# ------------------------------------------------------------

DROP TABLE IF EXISTS `alerts`;

CREATE TABLE `alerts` (
  `id` int(11) NOT NULL AUTO_INCREMENT,
  `palatium_care_id` int(11) DEFAULT NULL,
  `hop_id` int(11) DEFAULT NULL,
  `near` varchar(255) COLLATE utf8_unicode_ci DEFAULT NULL,
  `user_id` int(11) DEFAULT NULL,
  `location_id` int(11) DEFAULT NULL,
  `opened` datetime DEFAULT NULL,
  `taken` datetime DEFAULT NULL,
  `to_take` varchar(32) COLLATE utf8_unicode_ci DEFAULT NULL,
  `closed` datetime DEFAULT NULL,
  `to_close` varchar(32) COLLATE utf8_unicode_ci DEFAULT NULL,
  `is_closed` tinyint(1) DEFAULT NULL,
  `completed` datetime DEFAULT NULL,
  `to_complete` varchar(32) COLLATE utf8_unicode_ci DEFAULT NULL,
  `device_id` int(11) DEFAULT NULL,
  `date_time` varchar(80) COLLATE utf8_unicode_ci DEFAULT NULL,
  `ask_date_time` varchar(80) COLLATE utf8_unicode_ci DEFAULT NULL,
  `type` varchar(80) COLLATE utf8_unicode_ci DEFAULT NULL,
  PRIMARY KEY (`id`),
  UNIQUE KEY `alert_date_time` (`date_time`),
  KEY `IDX_F77AC06BBC3870B6` (`hop_id`),
  KEY `IDX_F77AC06BA76ED395` (`user_id`),
  KEY `IDX_F77AC06B64D218E` (`location_id`),
  KEY `alert_palatium_care_id` (`palatium_care_id`),
  KEY `alert_device` (`device_id`),
  CONSTRAINT `fk_alert_device` FOREIGN KEY (`device_id`) REFERENCES `devices` (`id`) ON DELETE SET NULL,
  CONSTRAINT `FK_F77AC06B64D218E` FOREIGN KEY (`location_id`) REFERENCES `locations` (`id`) ON DELETE SET NULL,
  CONSTRAINT `FK_F77AC06BA76ED395` FOREIGN KEY (`user_id`) REFERENCES `users` (`id`) ON DELETE SET NULL,
  CONSTRAINT `FK_F77AC06BBC3870B6` FOREIGN KEY (`hop_id`) REFERENCES `hops` (`id`) ON DELETE SET NULL
) ENGINE=InnoDB DEFAULT CHARSET=utf8 COLLATE=utf8_unicode_ci;

LOCK TABLES `alerts` WRITE;
/*!40000 ALTER TABLE `alerts` DISABLE KEYS */;

INSERT INTO `alerts` (`id`, `palatium_care_id`, `hop_id`, `near`, `user_id`, `location_id`, `opened`, `taken`, `to_take`, `closed`, `to_close`, `is_closed`, `completed`, `to_complete`, `device_id`, `date_time`, `ask_date_time`, `type`)
VALUES
	(1624,NULL,NULL,NULL,22,811,'2014-10-17 21:57:00','2014-10-17 21:57:27','00:00:27','2014-10-17 21:57:40','00:00:40',0,'2014-10-17 21:57:45','00:00:45',3,'2014-10-17T13:57:00.000-06:00',NULL,'Alert'),
	(1631,NULL,NULL,NULL,22,818,'2014-10-17 22:11:14','2014-10-17 22:13:26','00:02:12','2014-10-17 22:14:38','00:03:24',0,'2014-10-17 22:30:54','00:19:40',6093,'2014-10-17T14:11:17.000-06:00',NULL,'Alert'),
	(1637,NULL,NULL,NULL,22,818,'2014-10-17 22:31:38','2014-10-17 22:31:47','00:00:09','2014-10-17 22:32:01','00:00:23',0,'2014-10-17 22:32:07','00:00:29',6093,'2014-10-17T14:31:40.000-06:00',NULL,'Alert'),
	(1639,NULL,NULL,NULL,22,822,'2014-10-17 22:33:23','2014-10-17 22:33:28','00:00:05','2014-10-17 22:33:37','00:00:14',0,'2014-10-17 22:33:42','00:00:19',6136,'2014-10-17T14:33:26.000-06:00',NULL,'Alert'),
	(1640,NULL,NULL,NULL,22,811,'2014-10-17 22:33:58','2014-10-17 22:35:31','00:01:33','2014-10-17 22:35:37','00:01:39',0,'2014-10-17 22:35:41','00:01:43',3,'2014-10-17T14:34:01.000-06:00',NULL,'Alert'),
	(1656,NULL,NULL,NULL,28,807,'2014-10-20 18:19:30','2014-10-20 18:19:53','00:00:23','2014-10-20 18:20:17','00:00:47',NULL,'2014-10-20 18:20:19','00:00:49',6093,'2014-10-20T10:39:19.000-06:00',NULL,'Alert'),
	(1657,NULL,NULL,NULL,28,807,'2014-10-20 18:21:07','2014-10-20 18:22:24','00:01:17','2014-10-20 18:22:24','00:01:17',1,'2014-10-20 18:22:47','00:01:40',6093,'2014-10-20T10:40:19.000-06:00',NULL,'Alert'),
	(1658,NULL,NULL,NULL,28,807,'2014-10-20 18:23:26','2014-10-20 18:24:23','00:00:57','2014-10-20 18:24:23','00:00:57',1,'2014-10-20 18:24:37','00:01:11',5,'2014-10-20T10:41:19.000-06:00',NULL,'Alert'),
	(1660,NULL,NULL,'Test near',28,NULL,'2014-10-20 18:41:38','2014-10-20 18:41:43','00:00:05','2014-10-20 18:41:45','00:00:07',NULL,'2014-10-20 18:41:47','00:00:09',6093,'2014-10-20T15:41:36.513Z',NULL,'Alert'),
	(1666,NULL,NULL,NULL,28,838,'2014-10-20 23:48:14','2014-10-21 09:44:28','09:56:14','2014-10-21 09:44:28','09:56:14',1,'2014-10-21 09:44:40','09:56:26',3,'2014-10-20T15:48:17.000-06:00',NULL,'Alert'),
	(1669,NULL,NULL,'Test near',28,NULL,'2014-10-21 09:46:44','2014-10-21 09:47:08','00:00:24','2014-10-21 09:47:08','00:00:24',1,'2014-10-21 09:47:12','00:00:28',6093,'2014-10-21T06:46:41.257Z',NULL,'Alert'),
	(1670,NULL,NULL,'Test near',28,NULL,'2014-10-21 09:47:24','2014-10-21 09:48:12','00:00:48','2014-10-21 09:48:12','00:00:48',1,'2014-10-21 09:48:27','00:01:03',6093,'2014-10-21T06:47:19.534Z',NULL,'Alert'),
	(1671,NULL,NULL,'Test near',28,NULL,'2014-10-21 09:48:42','2014-10-21 09:49:47','00:01:05','2014-10-21 09:49:47','00:01:05',1,'2014-10-21 09:50:20','00:01:38',6093,'2014-10-21T06:48:39.884Z',NULL,'Alert'),
	(1672,NULL,NULL,'Test near',28,NULL,'2014-10-21 09:51:06','2014-10-21 09:51:20','00:00:14','2014-10-21 09:51:20','00:00:14',1,'2014-10-21 13:04:00','03:12:54',6093,'2014-10-21T06:51:01.296Z',NULL,'Alert'),
	(1681,NULL,NULL,'Test near',28,NULL,'2014-10-21 13:23:29','2014-10-21 13:23:38','00:00:09','2014-10-21 13:23:38','00:00:09',1,'2014-10-21 13:25:48','00:02:19',NULL,'2014-10-21T10:23:26.025Z',NULL,'Alert'),
	(1682,NULL,NULL,'Test near',28,NULL,'2014-10-21 13:26:02','2014-10-21 13:26:09','00:00:07','2014-10-21 13:26:09','00:00:07',1,'2014-10-21 13:26:19','00:00:17',NULL,'2014-10-21T10:26:04.464Z',NULL,'Alert'),
	(1683,NULL,NULL,'Test near',28,NULL,'2014-10-21 13:26:30','2014-10-21 13:26:46','00:00:16','2014-10-21 13:26:46','00:00:16',1,'2014-10-21 13:27:19','00:00:49',NULL,'2014-10-21T10:26:31.767Z',NULL,'Alert'),
	(1686,NULL,NULL,'Test near',28,NULL,'2014-10-21 13:28:08','2014-10-21 13:28:34','00:00:26','2014-10-21 13:28:34','00:00:26',1,'2014-10-21 13:28:44','00:00:36',NULL,'2014-10-21T10:28:08.837Z',NULL,'Alert'),
	(1687,NULL,NULL,'Test near',28,NULL,'2014-10-21 13:28:57','2014-10-21 13:29:16','00:00:19','2014-10-21 13:29:16','00:00:19',1,'2014-10-21 13:29:33','00:00:36',NULL,'2014-10-21T10:28:57.592Z',NULL,'Alert'),
	(1688,NULL,NULL,'Test near',28,NULL,'2014-10-21 13:29:39','2014-10-21 13:33:04','00:03:25','2014-10-21 13:33:04','00:03:25',1,'2014-10-21 13:33:12','00:03:33',NULL,'2014-10-21T10:29:29.539Z',NULL,'Alert'),
	(1689,NULL,NULL,'Test near',28,NULL,'2014-10-21 13:33:43','2014-10-21 13:34:01','00:00:18','2014-10-21 13:34:01','00:00:18',1,'2014-10-21 13:34:11','00:00:28',NULL,'2014-10-21T10:33:30.182Z',NULL,'Alert'),
	(1694,NULL,NULL,'Test near',28,NULL,'2014-10-21 13:37:22','2014-10-21 13:37:27','00:00:05','2014-10-21 13:37:27','00:00:05',1,'2014-10-21 13:38:48','00:01:26',NULL,'2014-10-21T10:37:24.332Z',NULL,'Alert'),
	(1698,NULL,NULL,'Test near',28,NULL,'2014-10-21 13:41:48','2014-10-21 13:42:01','00:00:13','2014-10-21 13:42:01','00:00:13',1,'2014-10-21 13:44:38','00:02:50',NULL,'2014-10-21T10:41:44.210Z',NULL,'Alert'),
	(1700,NULL,NULL,'Test near',28,NULL,'2014-10-21 13:48:25','2014-10-21 13:48:39','00:00:14','2014-10-21 13:48:39','00:00:14',1,'2014-10-21 13:48:50','00:00:25',NULL,'2014-10-21T10:48:26.832Z',NULL,'Alert'),
	(1719,NULL,NULL,'Test near',30,NULL,'2014-10-23 15:10:08','2014-10-23 15:10:22','00:00:14','2014-10-23 15:10:26','00:00:18',1,'2014-10-23 15:10:41','00:00:33',10,'2014-10-23T12:10:11.660Z',NULL,'Alert'),
	(1720,NULL,NULL,'Test near',30,NULL,'2014-10-23 15:10:47','2014-10-23 15:10:59','00:00:12','2014-10-23 15:11:04','00:00:17',1,'2014-10-23 15:33:26','00:22:39',10,'2014-10-23T12:10:50.819Z',NULL,'Alert'),
	(1735,NULL,NULL,'Test near',30,NULL,'2014-10-29 16:36:52','2014-10-29 16:36:56','00:00:04','2014-10-29 16:37:02','00:00:10',NULL,'2014-10-29 16:37:50','00:00:58',10,'2014-10-29T13:36:57.608Z',NULL,'Alert'),
	(1736,NULL,NULL,'Test near',11,NULL,'2014-10-29 16:37:30','2014-10-29 17:08:24','00:30:54','2014-10-29 17:08:28','00:30:58',1,'2014-10-29 17:19:55','00:42:25',10,'2014-10-29T13:37:36.307Z',NULL,'Alert'),
	(1737,NULL,NULL,NULL,11,807,'2014-10-29 17:21:45','2014-10-29 17:22:10','00:00:25','2014-10-29 17:24:29','00:02:44',NULL,'2014-10-29 17:25:10','00:03:25',6093,'2014-10-20T10:40:19.000-08:10',NULL,'Alert'),
	(1738,NULL,NULL,NULL,11,807,'2014-10-29 17:25:56','2014-10-29 17:26:19','00:00:23','2014-10-29 17:26:23','00:00:27',1,'2014-10-29 17:26:32','00:00:36',6093,'2014-10-20T10:40:19.000-08:17',NULL,'Alert'),
	(1739,NULL,NULL,NULL,11,807,'2014-10-29 17:27:24','2014-10-29 17:32:50','00:05:26','2014-10-29 17:32:55','00:05:31',1,'2014-10-29 18:13:14','00:45:50',1,'2014-10-20T10:40:19.000-08:20',NULL,'Alert'),
	(1740,NULL,NULL,NULL,11,807,'2014-10-29 17:28:12','2014-10-29 17:31:35','00:03:23','2014-10-29 17:31:38','00:03:26',1,'2014-10-29 18:13:08','00:44:56',4,'2014-10-20T10:40:19.000-08:23',NULL,'Alert'),
	(1741,NULL,NULL,NULL,11,807,'2014-10-29 17:31:05','2014-10-29 17:31:48','00:00:43','2014-10-29 17:31:51','00:00:46',1,'2014-10-29 17:33:14','00:02:09',6093,'2014-10-20T10:40:19.000-08:25',NULL,'Alert'),
	(1747,NULL,NULL,NULL,11,807,'2014-10-29 18:14:37','2014-10-29 18:15:38','00:01:01','2014-10-29 18:16:15','00:01:38',NULL,'2014-10-29 18:16:15','00:01:38',4,'2014-10-20T10:40:19.000-08:27',NULL,'Alert'),
	(1748,NULL,NULL,NULL,NULL,807,'2014-10-29 18:17:20',NULL,NULL,NULL,NULL,1,'2014-10-29 18:17:27','00:00:07',4,'2014-10-20T10:40:19.000-08:29',NULL,'Alert'),
	(1750,NULL,NULL,NULL,11,807,'2014-10-29 18:23:57','2014-10-29 18:25:26','00:01:29','2014-10-29 18:25:26','00:01:29',1,'2014-10-29 18:25:26','00:01:29',10,'2014-10-20T10:40:19.000-08:31',NULL,'Alert'),
	(1751,NULL,NULL,NULL,11,807,'2014-10-29 18:26:31','2014-10-29 18:28:02','00:01:31','2014-10-29 18:28:21','00:01:50',NULL,'2014-10-29 18:28:21','00:01:50',10,'2014-10-20T10:40:19.000-08:33',NULL,'Alert'),
	(1752,NULL,NULL,NULL,11,807,'2014-10-29 18:26:48','2014-10-29 18:27:40','00:00:52','2014-10-29 18:27:40','00:00:52',1,'2014-10-29 18:27:53','00:01:05',6093,'2014-10-20T10:40:19.000-08:35',NULL,'Alert'),
	(1755,NULL,NULL,NULL,30,807,'2014-11-03 09:03:55','2014-11-06 16:51:40','07:47:45','2014-11-06 16:51:40','07:47:45',1,'2014-11-06 16:51:40','07:47:45',1,'2014-11-03T00:04:02.000-06:00',NULL,'Alert'),
	(1758,NULL,NULL,NULL,30,807,'2014-11-03 17:53:26','2014-11-06 16:51:22','22:57:56','2014-11-06 16:51:22','22:57:56',1,'2014-11-06 16:51:22','22:57:56',6136,'2014-11-03T08:53:33.000-06:00',NULL,'Alert'),
	(1760,NULL,NULL,NULL,30,807,'2014-11-03 17:53:53','2014-11-06 16:51:06','22:57:13','2014-11-06 16:51:07','22:57:14',1,'2014-11-06 16:51:07','22:57:14',6136,'2014-11-03T08:53:59.000-06:00',NULL,'Alert'),
	(1762,NULL,NULL,'Test near',30,NULL,'2014-11-06 16:52:09','2014-11-06 16:52:12','00:00:03','2014-11-06 16:52:16','00:00:07',NULL,'2014-11-06 16:52:16','00:00:07',10,'2014-11-06T13:52:16.991Z',NULL,'Alert'),
	(1763,NULL,NULL,'Test near',30,NULL,'2014-11-06 16:52:24','2014-11-06 16:52:27','00:00:03','2014-11-06 16:52:27','00:00:03',1,'2014-11-06 16:52:27','00:00:03',10,'2014-11-06T13:52:31.797Z',NULL,'Alert'),
	(1764,NULL,NULL,'Test near',30,NULL,'2014-11-06 16:52:41','2014-11-06 16:52:47','00:00:06','2014-11-06 16:52:57','00:00:16',NULL,'2014-11-06 16:52:57','00:00:16',10,'2014-11-06T13:52:49.406Z',NULL,'Alert'),
	(1765,NULL,NULL,'Test near',30,NULL,'2014-11-06 16:53:06','2014-11-06 16:53:10','00:00:04','2014-11-06 16:53:20','00:00:14',NULL,'2014-11-06 16:53:20','00:00:14',10,'2014-11-06T13:53:13.590Z',NULL,'Alert'),
	(1766,NULL,NULL,'Test near',30,NULL,'2014-11-06 16:53:27','2014-11-06 16:53:30','00:00:03','2014-11-06 16:53:38','00:00:11',NULL,'2014-11-06 16:53:38','00:00:11',10,'2014-11-06T13:53:34.885Z',NULL,'Alert'),
	(1767,NULL,NULL,'Test near',30,NULL,'2014-11-06 16:53:44','2014-11-06 16:53:50','00:00:06','2014-11-06 16:53:50','00:00:06',1,'2014-11-06 16:53:50','00:00:06',10,'2014-11-06T13:53:52.509Z',NULL,'Alert'),
	(1768,NULL,NULL,'Test near',30,NULL,'2014-11-06 16:54:03','2014-11-06 16:54:16','00:00:13','2014-11-06 16:54:19','00:00:16',NULL,'2014-11-06 16:54:19','00:00:16',10,'2014-11-06T13:54:11.300Z',NULL,'Alert'),
	(1770,NULL,NULL,'Test near',30,NULL,'2014-11-06 16:54:35','2014-11-06 16:54:45','00:00:10','2014-11-06 16:54:47','00:00:12',NULL,'2014-11-06 16:54:47','00:00:12',10,'2014-11-06T13:54:42.891Z',NULL,'Alert'),
	(1771,NULL,NULL,'Test near',30,NULL,'2014-11-06 16:55:10','2014-11-06 16:55:13','00:00:03','2014-11-06 16:55:17','00:00:07',NULL,'2014-11-06 16:55:17','00:00:07',10,'2014-11-06T13:55:17.659Z',NULL,'Alert'),
	(1772,NULL,NULL,'Test near',30,NULL,'2014-11-06 16:55:34','2014-11-06 16:56:13','00:00:39','2014-11-06 16:56:13','00:00:39',1,'2014-11-06 16:56:13','00:00:39',10,'2014-11-06T13:55:41.746Z',NULL,'Alert'),
	(1773,NULL,NULL,'Test near',30,NULL,'2014-11-06 16:56:22','2014-11-06 16:56:30','00:00:08','2014-11-06 16:56:35','00:00:13',NULL,'2014-11-06 16:56:35','00:00:13',10,'2014-11-06T13:56:30.058Z',NULL,'Alert'),
	(1774,NULL,NULL,'Test near',30,NULL,'2014-11-06 16:57:12','2014-11-06 16:57:17','00:00:05','2014-11-06 16:57:35','00:00:23',NULL,'2014-11-06 16:57:35','00:00:23',10,'2014-11-06T13:57:20.232Z',NULL,'Alert'),
	(1775,NULL,NULL,'Test near',30,NULL,'2014-11-06 16:57:44','2014-11-06 16:57:50','00:00:06','2014-11-06 16:57:52','00:00:08',NULL,'2014-11-06 16:57:52','00:00:08',10,'2014-11-06T13:57:51.872Z',NULL,'Alert'),
	(1776,NULL,NULL,'Test near',30,NULL,'2014-11-06 16:58:02','2014-11-06 16:58:05','00:00:03','2014-11-06 16:58:10','00:00:08',NULL,'2014-11-06 16:58:10','00:00:08',10,'2014-11-06T13:58:09.903Z',NULL,'Alert'),
	(1777,NULL,NULL,'Test near',30,NULL,'2014-11-06 16:58:25','2014-11-06 16:58:29','00:00:04','2014-11-06 16:58:45','00:00:20',NULL,'2014-11-06 16:58:45','00:00:20',10,'2014-11-06T13:58:32.919Z',NULL,'Alert'),
	(1778,NULL,NULL,'Test near',30,NULL,'2014-11-06 16:58:52','2014-11-06 16:58:55','00:00:03','2014-11-06 16:58:57','00:00:05',NULL,'2014-11-06 16:58:57','00:00:05',10,'2014-11-06T13:59:00.087Z',NULL,'Alert'),
	(1779,NULL,NULL,'Test near',28,NULL,'2014-11-06 16:59:16','2014-11-06 16:59:19','00:00:03','2014-11-06 16:59:21','00:00:05',NULL,'2014-11-06 16:59:21','00:00:05',10,'2014-11-06T13:59:24.245Z',NULL,'Alert'),
	(1780,NULL,NULL,'Test near',28,NULL,'2014-11-06 16:59:31','2014-11-06 16:59:37','00:00:06','2014-11-06 16:59:42','00:00:11',NULL,'2014-11-06 16:59:42','00:00:11',10,'2014-11-06T13:59:39.486Z',NULL,'Alert'),
	(1781,NULL,NULL,'Test near',28,NULL,'2014-11-06 16:59:50','2014-11-06 16:59:52','00:00:02','2014-11-06 16:59:57','00:00:07',NULL,'2014-11-06 16:59:58','00:00:08',10,'2014-11-06T13:59:58.013Z',NULL,'Alert'),
	(1782,NULL,NULL,'Test near',28,NULL,'2014-11-06 17:00:04','2014-11-06 17:00:07','00:00:03','2014-11-06 17:00:08','00:00:04',NULL,'2014-11-06 17:00:08','00:00:04',10,'2014-11-06T14:00:12.421Z',NULL,'Alert'),
	(1783,NULL,NULL,'Test near',28,NULL,'2014-11-06 17:00:14','2014-11-06 17:00:17','00:00:03','2014-11-06 17:00:18','00:00:04',NULL,'2014-11-06 17:00:18','00:00:04',10,'2014-11-06T14:00:22.413Z',NULL,'Alert'),
	(1784,NULL,NULL,'Test near',29,NULL,'2014-11-06 17:00:38','2014-11-06 17:00:41','00:00:03','2014-11-06 17:00:46','00:00:08',NULL,'2014-11-06 17:00:46','00:00:08',10,'2014-11-06T14:00:46.022Z',NULL,'Alert'),
	(1785,NULL,NULL,'Test near',29,NULL,'2014-11-06 17:01:01','2014-11-06 17:01:05','00:00:04','2014-11-06 17:01:08','00:00:07',NULL,'2014-11-06 17:01:08','00:00:07',10,'2014-11-06T14:01:09.181Z',NULL,'Alert'),
	(1786,NULL,NULL,'Test near',29,NULL,'2014-11-06 17:03:09','2014-11-06 17:03:13','00:00:04','2014-11-06 17:03:14','00:00:05',NULL,'2014-11-06 17:03:14','00:00:05',10,'2014-11-06T14:03:17.163Z',NULL,'Alert'),
	(1787,NULL,NULL,'Test near',29,NULL,'2014-11-06 17:03:21','2014-11-06 17:03:24','00:00:03','2014-11-06 17:03:25','00:00:04',NULL,'2014-11-06 17:03:25','00:00:04',10,'2014-11-06T14:03:28.803Z',NULL,'Alert'),
	(1788,NULL,NULL,'Test near',29,NULL,'2014-11-06 17:03:29','2014-11-06 17:03:35','00:00:06','2014-11-06 17:03:35','00:00:06',1,'2014-11-06 17:03:35','00:00:06',10,'2014-11-06T14:03:37.434Z',NULL,'Alert'),
	(1789,NULL,NULL,'Test near',29,NULL,'2014-11-06 17:03:43','2014-11-06 17:03:51','00:00:08','2014-11-06 17:03:51','00:00:08',1,'2014-11-06 17:03:51','00:00:08',10,'2014-11-06T14:03:51.338Z',NULL,'Alert'),
	(1790,NULL,NULL,'Test near',29,NULL,'2014-11-06 17:03:57','2014-11-06 17:06:05','00:02:08','2014-11-06 17:06:05','00:02:08',1,'2014-11-06 17:06:06','00:02:09',10,'2014-11-06T14:04:05.488Z',NULL,'Alert'),
	(1794,NULL,NULL,NULL,11,807,'2014-11-06 20:54:14','2014-11-10 15:41:05','18:46:51','2014-11-10 15:41:05','18:46:51',1,'2014-11-10 15:41:05','18:46:51',6136,'2014-11-06T11:54:22.000-06:00',NULL,'Alert'),
	(1799,NULL,NULL,NULL,11,NULL,'2014-11-10 16:04:28','2014-11-10 16:06:38','00:02:10','2014-11-10 16:06:38','00:02:10',1,'2014-11-10 16:06:38','00:02:10',1,'2014-11-10Ttest1',NULL,'Alert'),
	(1800,NULL,NULL,NULL,11,NULL,'2014-11-10 16:07:46','2014-11-10 16:08:22','00:00:36','2014-11-10 16:08:22','00:00:36',1,'2014-11-10 16:08:22','00:00:36',1,'2014-11-10Ttest2',NULL,'Alert'),
	(1801,NULL,NULL,NULL,11,NULL,'2014-11-10 16:15:01','2014-11-10 16:15:16','00:00:15','2014-11-10 16:15:16','00:00:15',1,'2014-11-10 16:15:16','00:00:15',1,'2014-11-10Ttest3',NULL,'Alert'),
	(1802,NULL,NULL,NULL,11,NULL,'2014-11-10 16:16:00','2014-11-10 16:16:21','00:00:21','2014-11-10 16:16:21','00:00:21',1,'2014-11-10 16:19:58','00:03:58',6093,'2014-11-10Ttest4',NULL,'Alert'),
	(1803,NULL,NULL,NULL,11,NULL,'2014-11-10 16:20:30','2014-11-10 16:20:46','00:00:16','2014-11-10 16:20:46','00:00:16',1,'2014-11-10 16:22:06','00:01:36',6093,'2014-11-10Ttest5',NULL,'Alert'),
	(1804,NULL,NULL,NULL,11,NULL,'2014-11-10 16:22:48','2014-11-10 16:23:17','00:00:29','2014-11-10 16:23:17','00:00:29',1,'2014-11-10 16:26:02','00:03:14',6093,'2014-11-10Ttest6',NULL,'Alert'),
	(1805,NULL,NULL,NULL,11,NULL,'2014-11-10 16:24:38','2014-11-10 16:24:48','00:00:10','2014-11-10 16:24:48','00:00:10',1,'2014-11-10 16:24:48','00:00:10',1,'2014-11-10Ttest7',NULL,'Alert'),
	(1806,NULL,NULL,NULL,11,NULL,'2014-11-10 16:29:07','2014-11-10 16:29:16','00:00:09','2014-11-10 16:29:42','00:00:35',NULL,'2014-11-10 16:29:50','00:00:43',6093,'2014-11-10Ttest8',NULL,'Alert'),
	(1807,NULL,NULL,NULL,11,NULL,'2014-11-10 16:30:13','2014-11-10 16:30:20','00:00:07','2014-11-10 16:30:20','00:00:07',1,'2014-11-10 16:30:46','00:00:33',6093,'2014-11-10Ttest9',NULL,'Alert'),
	(1808,NULL,NULL,NULL,11,NULL,'2014-11-10 16:31:41','2014-11-10 16:31:48','00:00:07','2014-11-10 16:31:48','00:00:07',1,'2014-11-10 16:31:48','00:00:07',1,'2014-11-10Ttest10',NULL,'Alert'),
	(1809,NULL,NULL,NULL,11,NULL,'2014-11-10 16:44:56','2014-11-10 17:30:47','00:45:51','2014-11-10 17:30:47','00:45:51',1,'2014-11-10 17:30:56','00:46:00',6093,'2014-11-10Ttest11',NULL,'Alert'),
	(1810,NULL,NULL,NULL,11,NULL,'2014-11-10 17:31:26','2014-11-10 17:31:43','00:00:17','2014-11-10 17:31:43','00:00:17',1,'2014-11-10 17:32:05','00:00:39',6093,'2014-11-10Ttest14',NULL,'Alert'),
	(1811,NULL,NULL,NULL,11,NULL,'2014-11-10 17:32:23','2014-11-10 17:32:30','00:00:07','2014-11-10 17:32:42','00:00:19',NULL,'2014-11-10 17:32:48','00:00:25',6093,'2014-11-10Ttest15',NULL,'Alert'),
	(1812,NULL,NULL,NULL,11,NULL,'2014-11-10 17:33:53','2014-11-10 17:34:04','00:00:11','2014-11-10 17:34:04','00:00:11',1,'2014-11-10 17:34:04','00:00:11',1,'2014-11-10Ttest16',NULL,'Alert'),
	(1818,NULL,NULL,'Test near',30,NULL,'2014-11-11 11:56:12','2014-11-11 11:56:23','00:00:11','2014-11-11 11:56:24','00:00:12',1,'2014-11-11 11:56:24','00:00:12',10,'2014-11-11T08:56:21.173Z',NULL,'Alert'),
	(1819,NULL,NULL,'Test near',30,NULL,'2014-11-11 11:59:19','2014-11-11 11:59:25','00:00:06','2014-11-11 11:59:25','00:00:06',1,'2014-11-11 11:59:25','00:00:06',10,'2014-11-11T08:59:27.771Z',NULL,'Alert'),
	(1820,NULL,NULL,'Test near',30,NULL,'2014-11-11 11:59:45','2014-11-11 11:59:50','00:00:05','2014-11-11 11:59:50','00:00:05',1,'2014-11-11 12:00:24','00:00:39',10,'2014-11-11T08:59:54.164Z',NULL,'Alert'),
	(1821,NULL,NULL,'Test near',30,NULL,'2014-11-11 12:00:58','2014-11-11 12:01:03','00:00:05','2014-11-11 12:01:03','00:00:05',1,'2014-11-11 12:01:11','00:00:13',10,'2014-11-11T09:01:07.018Z',NULL,'Alert'),
	(1822,NULL,NULL,'Test near',30,NULL,'2014-11-11 12:16:47','2014-11-11 12:17:01','00:00:14','2014-11-11 12:17:01','00:00:14',1,'2014-11-11 12:17:26','00:00:39',10,'2014-11-11T09:16:55.738Z',NULL,'Alert'),
	(1823,NULL,NULL,'Test near',30,NULL,'2014-11-11 12:17:36','2014-11-11 12:17:43','00:00:07','2014-11-11 12:17:44','00:00:08',1,'2014-11-11 12:19:20','00:01:44',10,'2014-11-11T09:17:45.185Z',NULL,'Alert'),
	(1824,NULL,NULL,'Test near',30,NULL,'2014-11-11 12:19:25','2014-11-11 12:19:30','00:00:05','2014-11-11 12:19:30','00:00:05',1,'2014-11-11 12:19:30','00:00:05',10,'2014-11-11T09:19:34.473Z',NULL,'Alert'),
	(1827,NULL,NULL,'Test near',30,NULL,'2014-11-11 12:25:04','2014-11-11 12:25:09','00:00:05','2014-11-11 12:25:09','00:00:05',1,'2014-11-11 12:25:09','00:00:05',10,'2014-11-11T09:25:12.774Z',NULL,'Alert'),
	(1831,NULL,NULL,'Test near',30,NULL,'2014-11-11 12:25:45','2014-11-11 12:25:53','00:00:08','2014-11-11 12:25:53','00:00:08',1,'2014-11-11 12:25:53','00:00:08',10,'2014-11-11T09:25:54.414Z',NULL,'Alert'),
	(1832,NULL,NULL,'Test near',30,NULL,'2014-11-11 12:26:13','2014-11-11 12:26:16','00:00:03','2014-11-11 12:26:16','00:00:03',1,'2014-11-11 12:26:16','00:00:03',10,'2014-11-11T09:26:22.262Z',NULL,'Alert'),
	(1833,NULL,NULL,'Test near',30,NULL,'2014-11-11 12:26:32','2014-11-11 12:26:38','00:00:06','2014-11-11 12:26:38','00:00:06',1,'2014-11-11 12:26:52','00:00:20',10,'2014-11-11T09:26:41.206Z',NULL,'Alert'),
	(1834,NULL,NULL,'Test near',30,NULL,'2014-11-11 12:27:45','2014-11-11 12:27:49','00:00:04','2014-11-11 12:27:49','00:00:04',1,'2014-11-11 12:28:01','00:00:16',10,'2014-11-11T09:27:54.182Z',NULL,'Alert'),
	(1835,NULL,NULL,'Test near',30,NULL,'2014-11-11 12:28:10','2014-11-11 12:28:14','00:00:04','2014-11-11 12:28:14','00:00:04',1,'2014-11-11 12:28:23','00:00:13',10,'2014-11-11T09:28:19.301Z',NULL,'Alert'),
	(1836,NULL,NULL,'Test near',30,NULL,'2014-11-11 12:29:14','2014-11-11 12:29:18','00:00:04','2014-11-11 12:29:19','00:00:05',1,'2014-11-11 12:29:19','00:00:05',10,'2014-11-11T09:29:22.805Z',NULL,'Alert'),
	(1837,NULL,NULL,'Test near',11,NULL,'2014-11-11 12:42:02','2014-11-11 12:42:11','00:00:09','2014-11-11 12:42:20','00:00:18',NULL,'2014-11-11 12:42:20','00:00:18',10,'2014-11-11T09:42:11.052Z',NULL,'Alert'),
	(1838,NULL,NULL,'Test near',11,NULL,'2014-11-11 12:42:45','2014-11-11 12:42:55','00:00:10','2014-11-11 12:42:55','00:00:10',1,'2014-11-11 12:43:06','00:00:21',10,'2014-11-11T09:42:54.332Z',NULL,'Alert'),
	(1839,NULL,NULL,'Test near',11,NULL,'2014-11-11 12:43:15','2014-11-11 12:43:22','00:00:07','2014-11-11 12:43:30','00:00:15',NULL,'2014-11-11 12:43:40','00:00:25',10,'2014-11-11T09:43:24.708Z',NULL,'Alert'),
	(1840,NULL,NULL,'Test near',11,NULL,'2014-11-11 12:43:50','2014-11-11 12:43:59','00:00:09','2014-11-11 12:44:00','00:00:10',1,'2014-11-11 12:44:05','00:00:15',10,'2014-11-11T09:43:58.899Z',NULL,'Alert'),
	(1841,NULL,NULL,NULL,11,NULL,'2014-11-11 12:48:15','2014-11-11 12:48:30','00:00:15','2014-11-11 12:48:30','00:00:15',1,'2014-11-11 12:48:30','00:00:15',1,'2014-11-10Ttest17',NULL,'Alert'),
	(1842,NULL,NULL,NULL,11,NULL,'2014-11-11 12:48:51','2014-11-11 12:49:02','00:00:11','2014-11-11 12:49:02','00:00:11',1,'2014-11-11 12:49:12','00:00:21',6093,'2014-11-10Ttest18',NULL,'Alert'),
	(1843,NULL,NULL,NULL,11,NULL,'2014-11-11 12:49:57','2014-11-11 12:51:45','00:01:48','2014-11-11 12:52:39','00:02:42',NULL,'2014-11-11 12:58:34','00:08:37',6093,'2014-11-10Ttest19',NULL,'Alert'),
	(1844,NULL,NULL,NULL,11,NULL,'2014-11-11 12:50:27','2014-11-11 12:51:41','00:01:14','2014-11-11 12:51:41','00:01:14',1,'2014-11-11 12:53:19','00:02:52',6093,'2014-11-10Ttest20',NULL,'Alert'),
	(1845,NULL,NULL,NULL,11,NULL,'2014-11-11 12:51:27','2014-11-11 12:51:50','00:00:23','2014-11-11 12:52:28','00:01:01',NULL,'2014-11-11 12:58:28','00:07:01',6093,'2014-11-10Ttest21',NULL,'Alert'),
	(1846,NULL,NULL,'sdf dsf dsfdsfdsf wg awg asdgf dsg sdg sd gsdg dsg ds gdsg sdg sdg dsgs dgsd g dsgsdg',11,NULL,'2014-11-11 12:53:52','2014-11-11 12:58:36','00:04:44','2014-11-11 12:58:46','00:04:54',NULL,'2014-11-11 12:58:56','00:05:04',6093,'2014-11-10Ttest22',NULL,'Alert'),
	(1847,NULL,NULL,'Test near',11,NULL,'2014-11-11 13:07:18','2014-11-11 13:07:29','00:00:11','2014-11-11 13:07:39','00:00:21',NULL,'2014-11-11 13:07:49','00:00:31',10,'2014-11-11T10:07:27.305Z',NULL,'Alert'),
	(1848,NULL,NULL,'Test near',11,NULL,'2014-11-11 16:02:52','2014-11-11 16:03:11','00:00:19','2014-11-11 16:03:11','00:00:19',1,'2014-11-11 16:03:25','00:00:33',10,'2014-11-11T13:03:01.700Z',NULL,'Alert'),
	(1849,NULL,NULL,'Test near',30,NULL,'2014-11-11 16:03:45','2014-11-11 16:04:00','00:00:15','2014-11-11 16:04:00','00:00:15',1,'2014-11-11 16:04:16','00:00:31',10,'2014-11-11T13:03:54.025Z',NULL,'Alert'),
	(1851,NULL,NULL,'Test near',11,NULL,'2014-11-11 16:05:10','2014-11-11 16:05:35','00:00:25','2014-11-11 16:05:38','00:00:28',NULL,'2014-11-11 16:05:46','00:00:36',10,'2014-11-11T13:05:19.660Z',NULL,'Alert'),
	(1852,NULL,NULL,'Test near',11,NULL,'2014-11-11 16:06:03','2014-11-11 16:06:09','00:00:06','2014-11-11 16:06:19','00:00:16',NULL,'2014-11-11 16:06:25','00:00:22',10,'2014-11-11T13:06:12.676Z',NULL,'Alert'),
	(1853,NULL,NULL,'Test near',11,NULL,'2014-11-11 16:06:32','2014-11-11 16:06:40','00:00:08','2014-11-11 16:06:47','00:00:15',NULL,'2014-11-11 16:06:55','00:00:23',10,'2014-11-11T13:06:41.634Z',NULL,'Alert'),
	(1854,NULL,NULL,'Test near',11,NULL,'2014-11-11 16:07:20','2014-11-11 16:07:29','00:00:09','2014-11-11 16:07:40','00:00:20',NULL,'2014-11-11 16:07:47','00:00:27',10,'2014-11-11T13:07:29.506Z',NULL,'Alert'),
	(1857,NULL,NULL,'Test near',30,NULL,'2014-11-11 16:11:50','2014-11-11 16:11:59','00:00:09','2014-11-11 16:11:59','00:00:09',1,'2014-11-11 16:12:07','00:00:17',10,'2014-11-11T13:11:58.889Z',NULL,'Alert'),
	(1859,NULL,NULL,'Test near',11,NULL,'2014-11-11 16:13:47','2014-11-11 16:13:55','00:00:08','2014-11-11 16:13:55','00:00:08',1,'2014-11-11 16:14:04','00:00:17',10,'2014-11-11T13:13:55.855Z',NULL,'Alert'),
	(1873,NULL,NULL,NULL,22,816,'2014-11-12 23:52:37','2014-11-15 08:22:31','08:29:54','2014-11-15 08:22:31','08:29:54',1,'2014-11-15 08:22:36','08:29:59',3,'2014-11-12T20:52:45.000 00:00',NULL,'Alert'),
	(1877,NULL,NULL,'Test near',22,NULL,'2014-11-15 21:23:59','2014-11-15 21:25:51','00:01:52','2014-11-15 21:26:01','00:02:02',NULL,'2014-11-15 21:26:08','00:02:09',10,'2014-11-15T18:24:09.199Z',NULL,'Alert'),
	(1878,NULL,NULL,'Test near',22,NULL,'2014-11-15 21:26:23','2014-11-15 21:26:28','00:00:05','2014-11-15 21:26:37','00:00:14',NULL,'2014-11-15 21:26:43','00:00:20',10,'2014-11-15T18:26:33.490Z',NULL,'Alert'),
	(1879,NULL,NULL,'Test near',22,NULL,'2014-11-16 05:33:57','2014-11-16 05:34:08','00:00:11','2014-11-16 05:34:14','00:00:17',NULL,'2014-11-16 05:34:18','00:00:21',10,'2014-11-16T02:34:07.445Z',NULL,'Alert'),
	(1881,NULL,NULL,'Test near',22,NULL,'2014-11-16 05:35:47','2014-11-16 05:35:49','00:00:02','2014-11-16 05:35:53','00:00:06',NULL,'2014-11-16 05:35:55','00:00:08',10,'2014-11-16T02:35:56.938Z',NULL,'Alert'),
	(1882,NULL,NULL,NULL,22,838,'2014-11-17 19:13:35','2014-11-17 21:48:50','02:35:15','2014-11-17 21:48:50','02:35:15',1,'2014-11-17 21:48:56','02:35:21',3,'2014-11-17T16:13:41.000 00:00',NULL,'Alert'),
	(1885,NULL,NULL,'Test near',7,NULL,'2014-11-17 22:09:48','2014-11-17 22:10:01','00:00:13','2014-11-17 22:10:06','00:00:18',NULL,'2014-11-17 22:10:10','00:00:22',10,'2014-11-17T19:09:58.794Z',NULL,'Alert'),
	(1886,NULL,NULL,'Test near',22,NULL,'2014-11-17 22:33:53','2014-11-17 22:34:06','00:00:13','2014-11-17 22:34:13','00:00:20',NULL,'2014-11-17 22:34:17','00:00:24',10,'2014-11-17T19:34:03.573Z',NULL,'Alert'),
	(1887,NULL,NULL,'Test near',27,NULL,'2014-11-18 00:25:22','2014-11-18 00:25:34','00:00:12','2014-11-18 00:25:48','00:00:26',NULL,'2014-11-18 00:25:51','00:00:29',10,'2014-11-17T21:25:32.667Z',NULL,'Alert'),
	(1888,NULL,NULL,'Test near',27,NULL,'2014-11-18 00:29:19','2014-11-18 00:50:08','00:20:49','2014-11-18 00:54:32','00:25:13',NULL,'2014-11-18 00:54:41','00:25:22',10,'2014-11-17T21:29:29.781Z',NULL,'Alert'),
	(1889,NULL,NULL,'Test near',11,NULL,'2014-11-18 00:59:29','2014-11-18 00:59:50','00:00:21','2014-11-18 01:00:10','00:00:41',NULL,'2014-11-18 01:00:35','00:01:06',10,'2014-11-17T21:59:39.485Z',NULL,'Alert'),
	(1890,NULL,NULL,'Test near',7,NULL,'2014-11-18 01:07:05','2014-11-18 01:07:20','00:00:15','2014-11-18 01:07:37','00:00:32',NULL,'2014-11-18 01:07:50','00:00:45',10,'2014-11-17T22:07:15.537Z',NULL,'Alert'),
	(1892,NULL,NULL,'Test near',27,NULL,'2014-11-18 01:16:36','2014-11-18 01:16:59','00:00:23','2014-11-18 01:24:13','00:07:37',NULL,'2014-11-18 01:24:18','00:07:42',10,'2014-11-17T22:16:46.491Z',NULL,'Alert'),
	(1894,NULL,NULL,NULL,22,816,'2014-11-18 02:01:52','2014-11-18 03:30:32','01:28:40','2014-11-18 03:30:32','01:28:40',1,'2014-11-18 03:31:13','01:29:21',3,'2014-11-17T17:02:01.000',NULL,'Alert'),
	(1895,NULL,NULL,NULL,22,816,'2014-11-18 02:03:29','2014-11-18 03:30:22','01:26:53','2014-11-18 03:30:22','01:26:53',1,'2014-11-18 03:31:21','01:27:52',3,'2014-11-17T17:03:38.000',NULL,'Alert'),
	(1897,NULL,NULL,'Test near',22,NULL,'2014-11-18 03:30:50','2014-11-18 03:31:00','00:00:10','2014-11-18 03:31:46','00:00:56',NULL,'2014-11-18 03:32:26','00:01:36',10,'2014-11-18T00:31:02.704Z',NULL,'Alert'),
	(1898,NULL,NULL,'Test near',22,NULL,'2014-11-18 03:43:54','2014-11-18 03:44:08','00:00:14','2014-11-18 03:44:15','00:00:21',NULL,'2014-11-18 03:44:21','00:00:27',10,'2014-11-18T00:44:06.742Z',NULL,'Alert'),
	(1899,NULL,NULL,'Test near',27,NULL,'2014-11-18 04:17:11','2014-11-18 04:17:14','00:00:03','2014-11-18 04:17:19','00:00:08',NULL,'2014-11-18 04:17:23','00:00:12',10,'2014-11-18T01:17:21.746Z',NULL,'Alert'),
	(1900,NULL,NULL,'Test near',27,NULL,'2014-11-18 04:55:19','2014-11-18 04:55:33','00:00:14','2014-11-18 04:56:00','00:00:41',NULL,'2014-11-18 04:56:10','00:00:51',10,'2014-11-18T01:55:29.622Z',NULL,'Alert'),
	(1901,NULL,NULL,'Test near',11,NULL,'2014-11-18 05:06:11','2014-11-18 05:06:30','00:00:19','2014-11-18 05:09:27','00:03:16',NULL,'2014-11-18 05:09:31','00:03:20',10,'2014-11-18T02:06:21.324Z',NULL,'Alert'),
	(1903,NULL,NULL,'Test near',27,NULL,'2014-11-18 05:17:03','2014-11-18 05:17:30','00:00:27','2014-11-18 05:17:44','00:00:41',NULL,'2014-11-18 05:17:52','00:00:49',10,'2014-11-18T02:17:14.034Z',NULL,'Alert'),
	(1904,NULL,NULL,'Test near',27,NULL,'2014-11-18 05:26:18','2014-11-18 05:26:34','00:00:16','2014-11-18 05:26:45','00:00:27',NULL,'2014-11-18 05:26:53','00:00:35',10,'2014-11-18T02:26:28.772Z',NULL,'Alert'),
	(1905,NULL,NULL,'Test near',11,NULL,'2014-11-18 05:43:14','2014-11-18 05:43:45','00:00:31','2014-11-18 05:43:59','00:00:45',NULL,'2014-11-18 05:44:07','00:00:53',10,'2014-11-18T02:43:24.536Z',NULL,'Alert'),
	(1908,NULL,NULL,'Test near',11,NULL,'2014-11-18 18:01:30','2014-11-18 18:01:41','00:00:11','2014-11-18 18:01:54','00:00:24',NULL,'2014-11-18 18:02:03','00:00:33',10,'2014-11-18T15:01:41.195Z',NULL,'Alert'),
	(1909,NULL,NULL,'Test near',27,NULL,'2014-11-18 18:31:47','2014-11-18 18:32:23','00:00:36','2014-11-18 18:32:33','00:00:46',NULL,'2014-11-18 18:32:38','00:00:51',10,'2014-11-18T15:31:57.707Z',NULL,'Alert'),
	(1910,NULL,NULL,'Test near',27,NULL,'2014-11-18 23:52:40','2014-11-18 23:52:44','00:00:04','2014-11-18 23:52:46','00:00:06',NULL,'2014-11-18 23:52:49','00:00:09',10,'2014-11-18T20:52:50.918Z',NULL,'Alert'),
	(1911,NULL,NULL,'Test near',27,NULL,'2014-11-19 00:10:33','2014-11-19 00:10:45','00:00:12','2014-11-19 00:10:59','00:00:26',NULL,'2014-11-19 00:11:09','00:00:36',10,'2014-11-18T21:10:43.532Z',NULL,'Alert'),
	(1912,NULL,NULL,'Test near',27,NULL,'2014-11-19 00:19:07','2014-11-19 00:19:31','00:00:24','2014-11-19 00:19:44','00:00:37',NULL,'2014-11-19 00:19:55','00:00:48',10,'2014-11-18T21:19:17.600Z',NULL,'Alert'),
	(1913,NULL,NULL,'Test near',11,NULL,'2014-11-19 00:28:22','2014-11-19 00:28:40','00:00:18','2014-11-19 00:28:51','00:00:29',NULL,'2014-11-19 00:28:59','00:00:37',10,'2014-11-18T21:28:33.313Z',NULL,'Alert'),
	(1914,NULL,NULL,'Test near',27,NULL,'2014-11-19 00:45:38','2014-11-19 00:48:28','00:02:50','2014-11-19 00:48:52','00:03:14',NULL,'2014-11-19 00:49:04','00:03:26',10,'2014-11-18T21:45:48.542Z',NULL,'Alert'),
	(1948,NULL,NULL,'Test near',22,NULL,'2014-12-08 18:46:03','2014-12-08 18:46:11','00:00:08','2014-12-08 18:46:17','00:00:14',NULL,'2014-12-08 18:46:30','00:00:27',10,'2014-12-08T15:46:28.758Z',NULL,'Alert'),
	(1951,NULL,NULL,'Test near',22,NULL,'2014-12-08 20:36:54','2014-12-08 20:37:37','00:00:43','2014-12-08 20:37:44','00:00:50',NULL,'2014-12-08 20:37:47','00:00:53',10,'2014-12-08T17:37:19.360Z',NULL,'Alert'),
	(1952,NULL,NULL,'Test near',22,NULL,'2014-12-08 20:37:53','2014-12-08 20:37:56','00:00:03','2014-12-08 20:38:01','00:00:08',NULL,'2014-12-08 20:38:03','00:00:10',10,'2014-12-08T17:38:18.076Z',NULL,'Alert'),
	(1954,NULL,NULL,'Test near',22,NULL,'2014-12-08 20:48:34','2014-12-08 20:48:58','00:00:24','2014-12-08 20:49:06','00:00:32',NULL,'2014-12-08 20:49:13','00:00:39',10,'2014-12-08T17:48:59.385Z',NULL,'Alert'),
	(1955,NULL,NULL,'Test near',26,NULL,'2014-12-08 20:59:23','2014-12-08 20:59:28','00:00:05','2014-12-08 20:59:30','00:00:07',NULL,'2014-12-08 20:59:35','00:00:12',10,'2014-12-08T17:59:47.995Z',NULL,'Alert'),
	(1960,NULL,NULL,'Test near',22,NULL,'2014-12-08 21:38:51','2014-12-08 21:39:03','00:00:12','2014-12-08 21:39:12','00:00:21',NULL,'2014-12-08 21:39:18','00:00:27',10,'2014-12-08T18:39:15.716Z',NULL,'Alert'),
	(1962,NULL,NULL,'Test near',26,NULL,'2014-12-08 21:47:02','2014-12-08 21:47:07','00:00:05','2014-12-08 21:47:08','00:00:06',NULL,'2014-12-08 21:47:11','00:00:09',10,'2014-12-08T18:47:26.836Z',NULL,'Alert'),
	(1970,NULL,NULL,'Test near',11,NULL,'2014-12-11 11:49:39','2014-12-11 11:49:47','00:00:08','2014-12-11 11:50:14','00:00:35',NULL,'2014-12-11 11:50:19','00:00:40',10,'2014-12-11T08:49:55.023Z',NULL,'Alert'),
	(1974,NULL,NULL,'Test near',11,NULL,'2014-12-11 17:12:27','2014-12-11 17:12:54','00:00:27','2014-12-11 17:12:54','00:00:27',1,'2014-12-11 17:13:05','00:00:38',10,'2014-12-11T14:12:42.761Z',NULL,'Alert'),
	(1977,NULL,NULL,'Test near',11,NULL,'2014-12-12 09:38:09','2014-12-12 09:38:37','00:00:28','2014-12-12 09:39:04','00:00:55',NULL,'2014-12-12 09:39:26','00:01:17',10,'2014-12-12T06:38:24.623Z',NULL,'Alert'),
	(1982,NULL,NULL,'Test near',11,NULL,'2014-12-12 12:30:02','2014-12-12 12:30:50','00:00:48','2014-12-12 12:33:11','00:03:09',NULL,'2014-12-12 12:33:17','00:03:15',10,'2014-12-12T09:30:19.205Z',NULL,'Alert'),
	(1983,NULL,NULL,'Test near',11,NULL,'2014-12-12 12:33:28','2014-12-12 12:33:46','00:00:18','2014-12-12 12:34:10','00:00:42',NULL,'2014-12-12 12:34:17','00:00:49',10,'2014-12-12T09:33:44.457Z',NULL,'Alert'),
	(1988,NULL,NULL,'Test near',30,NULL,'2014-12-12 17:38:38','2014-12-12 17:38:54','00:00:16','2014-12-12 17:38:54','00:00:16',1,'2014-12-12 17:38:56','00:00:18',10,'2014-12-12T14:38:54.347Z',NULL,'Alert'),
	(1989,NULL,NULL,'Test near',30,NULL,'2014-12-12 17:39:07','2014-12-12 17:39:17','00:00:10','2014-12-12 17:39:19','00:00:12',NULL,'2014-12-12 17:39:32','00:00:25',10,'2014-12-12T14:39:22.948Z',NULL,'Alert'),
	(1990,NULL,NULL,NULL,30,807,'2014-12-12 17:45:36','2014-12-12 17:45:51','00:00:15','2014-12-12 17:52:41','00:07:05',NULL,'2014-12-12 18:04:23','00:18:47',3,'2014-12-12T17:46:27.667922 00:00',NULL,'Alert'),
	(1991,NULL,NULL,NULL,30,NULL,'2014-12-12 17:45:39','2014-12-12 17:45:47','00:00:08','2014-12-12 17:53:10','00:07:31',NULL,'2014-12-12 18:04:19','00:18:40',3,'2014-12-12T17:46:30.675094 00:00',NULL,'Alert'),
	(1992,NULL,NULL,NULL,30,807,'2014-12-12 17:46:15','2014-12-12 17:46:21','00:00:06','2014-12-12 17:48:56','00:02:41',1,'2014-12-12 17:48:56','00:02:41',3,'2014-12-12T17:47:06.603149 00:00','2014-12-12T17:48:06.603149+00:00','Alert'),
	(1993,NULL,NULL,NULL,30,NULL,'2014-12-12 17:46:18','2014-12-12 17:46:25','00:00:07','2014-12-12 17:48:56','00:02:38',1,'2014-12-12 17:48:56','00:02:38',3,'2014-12-12T17:47:09.615322 00:00','2014-12-12T17:48:09.615322+00:00','Alert'),
	(1995,NULL,NULL,NULL,30,NULL,'2014-12-12 17:47:18','2014-12-12 17:48:01','00:00:43','2014-12-12 17:53:54','00:06:36',NULL,'2014-12-12 18:04:37','00:17:19',3,'2014-12-12T17:48:09.067722 00:00',NULL,'Assist'),
	(1998,NULL,NULL,'Test near',27,NULL,'2014-12-15 08:03:52','2014-12-15 08:04:00','00:00:08','2014-12-15 08:04:06','00:00:14',NULL,'2014-12-15 08:04:11','00:00:19',10,'2014-12-15T05:04:08.510Z',NULL,'Alert'),
	(1999,NULL,NULL,'Test near',26,NULL,'2014-12-15 08:04:17','2014-12-15 08:04:23','00:00:06','2014-12-15 08:04:28','00:00:11',NULL,'2014-12-15 08:04:33','00:00:16',10,'2014-12-15T05:04:33.688Z',NULL,'Alert'),
	(2000,NULL,NULL,'Test near',22,NULL,'2014-12-15 08:04:43','2014-12-15 08:04:53','00:00:10','2014-12-15 08:05:00','00:00:17',NULL,'2014-12-15 08:05:06','00:00:23',10,'2014-12-15T05:04:59.020Z',NULL,'Alert'),
	(2004,NULL,NULL,'Test near',22,NULL,'2014-12-16 08:34:19','2014-12-16 08:34:24','00:00:05','2014-12-16 08:34:31','00:00:12',NULL,'2014-12-16 08:34:45','00:00:26',10,'2014-12-16T05:34:35.773Z',NULL,'Alert'),
	(2005,NULL,NULL,'Test near',22,NULL,'2014-12-16 08:34:53','2014-12-16 08:35:00','00:00:07','2014-12-16 08:35:03','00:00:10',NULL,'2014-12-16 08:35:07','00:00:14',10,'2014-12-16T05:35:09.934Z',NULL,'Alert'),
	(2006,NULL,NULL,'Test near',22,NULL,'2014-12-16 08:35:14','2014-12-16 08:35:20','00:00:06','2014-12-16 08:35:23','00:00:09',NULL,'2014-12-16 08:35:28','00:00:14',10,'2014-12-16T05:35:30.761Z',NULL,'Alert'),
	(2007,NULL,NULL,'Test near',22,NULL,'2014-12-16 08:36:46','2014-12-16 08:36:53','00:00:07','2014-12-16 08:36:56','00:00:10',NULL,'2014-12-16 08:37:01','00:00:15',10,'2014-12-16T05:37:03.082Z',NULL,'Alert'),
	(2008,NULL,NULL,'Test near',22,NULL,'2014-12-16 08:37:10','2014-12-16 08:37:19','00:00:09','2014-12-16 08:37:27','00:00:17',NULL,'2014-12-16 08:37:32','00:00:22',10,'2014-12-16T05:37:26.863Z',NULL,'Alert'),
	(2009,NULL,NULL,'Test near',7,NULL,'2014-12-16 15:51:25','2014-12-16 15:51:41','00:00:16','2014-12-16 15:51:41','00:00:16',1,'2014-12-16 15:51:49','00:00:24',10,'2014-12-16T12:51:42.317Z',NULL,'Alert'),
	(2010,NULL,NULL,NULL,1,807,'2014-12-16 15:53:07','2014-12-16 15:54:28','00:00:08','2014-12-16 15:59:40','00:06:33',1,'2014-12-16 15:59:40','00:06:33',1,'2014-12-16T15:54:02.572521 00:00',NULL,'Alert'),
	(2011,NULL,NULL,NULL,7,807,'2014-12-16 15:53:26','2014-12-16 15:54:28','00:01:02','2014-12-16 15:56:57','00:03:31',NULL,'2014-12-16 16:04:44','00:11:18',3,'2014-12-16T15:54:20.969573 00:00',NULL,'Alert'),
	(2012,NULL,NULL,NULL,30,NULL,'2014-12-16 16:06:11','2014-12-16 16:06:42','00:00:31','2014-12-16 16:07:07','00:00:56',NULL,'2014-12-16 16:07:07','00:00:56',1,'2014-12-16T16:07:05.853322 00:00',NULL,'Alert'),
	(2013,NULL,NULL,NULL,30,807,'2014-12-16 16:07:48','2014-12-16 16:08:07','00:00:19','2014-12-16 16:08:07','00:00:19',1,'2014-12-16 16:08:07','00:00:19',1,'2014-12-16T16:08:43.591912 00:00',NULL,'Alert'),
	(2015,NULL,NULL,NULL,30,807,'2014-12-16 16:21:27','2014-12-16 16:21:47','00:00:20','2014-12-16 16:23:34','00:02:07',NULL,'2014-12-16 16:23:34','00:02:07',1,'2014-12-16T16:22:21.822712 00:00',NULL,'Alert'),
	(2016,NULL,NULL,NULL,30,807,'2014-12-16 16:21:35','2014-12-16 16:21:41','00:00:06','2014-12-16 16:23:45','00:02:10',NULL,'2014-12-16 16:23:49','00:02:14',3,'2014-12-16T16:22:29.966178 00:00',NULL,'Alert'),
	(2017,NULL,NULL,NULL,22,815,'2014-12-17 02:10:23','2014-12-17 02:15:22','00:04:59','2014-12-17 02:15:22','00:04:59',1,'2014-12-17 02:18:46','00:08:23',3,'2014-12-16T17:10:40.000',NULL,'Alert'),
	(2020,NULL,NULL,NULL,30,NULL,'2014-12-17 02:24:40','2014-12-17 11:05:07','08:40:27','2014-12-17 11:05:07','08:40:27',1,'2014-12-17 11:06:40','08:42:00',51776,'2014-12-16T17:24:56.000',NULL,'Alert'),
	(2021,NULL,NULL,NULL,30,NULL,'2014-12-17 02:25:47','2014-12-17 11:05:02','08:39:15','2014-12-17 11:05:02','08:39:15',1,'2014-12-17 11:06:33','08:40:46',51776,'2014-12-16T17:26:03.000',NULL,'Alert'),
	(2022,NULL,NULL,NULL,30,NULL,'2014-12-17 02:26:03','2014-12-17 11:04:57','08:38:54','2014-12-17 11:04:57','08:38:54',1,'2014-12-17 11:06:29','08:40:26',51776,'2014-12-16T17:26:19.000',NULL,'Alert'),
	(2023,NULL,NULL,NULL,30,NULL,'2014-12-17 02:28:18','2014-12-17 11:04:52','08:36:34','2014-12-17 11:04:52','08:36:34',1,'2014-12-17 11:06:18','08:38:00',51776,'2014-12-16T17:28:35.000',NULL,'Alert'),
	(2028,NULL,NULL,NULL,27,815,'2014-12-17 19:24:52','2014-12-17 19:25:12','00:00:20','2014-12-17 19:25:12','00:00:20',1,'2014-12-17 19:25:17','00:00:25',3,'2014-12-17T10:25:09.000',NULL,'Alert'),
	(2029,NULL,NULL,NULL,27,815,'2014-12-17 19:25:17','2014-12-17 19:25:24','00:00:07','2014-12-17 19:25:35','00:00:18',NULL,'2014-12-17 19:25:58','00:00:41',3,'2014-12-17T10:25:34.000',NULL,'Alert'),
	(2030,NULL,NULL,NULL,27,815,'2014-12-17 19:25:50','2014-12-17 19:26:04','00:00:14','2014-12-17 19:26:19','00:00:29',NULL,'2014-12-17 19:26:23','00:00:33',3,'2014-12-17T10:26:07.000',NULL,'Alert'),
	(2031,NULL,NULL,NULL,27,815,'2014-12-17 19:27:15','2014-12-17 19:27:23','00:00:08','2014-12-17 19:27:25','00:00:10',NULL,'2014-12-17 19:27:28','00:00:13',3,'2014-12-17T10:27:32.000',NULL,'Alert'),
	(2035,NULL,NULL,NULL,22,815,'2014-12-17 20:15:13','2014-12-17 20:20:02','00:04:49','2014-12-17 20:20:02','00:04:49',1,'2014-12-17 20:20:24','00:05:11',3,'2014-12-17T11:15:29.000',NULL,'Alert'),
	(2038,NULL,NULL,NULL,22,815,'2014-12-17 20:21:35','2014-12-17 20:22:44','00:01:09','2014-12-17 20:23:33','00:01:58',NULL,'2014-12-17 20:23:43','00:02:08',3,'2014-12-17T11:21:52.000',NULL,'Alert'),
	(2041,NULL,NULL,'Test near',22,NULL,'2014-12-17 21:06:33','2014-12-17 21:06:39','00:00:06','2014-12-17 21:06:43','00:00:10',NULL,'2014-12-17 21:06:49','00:00:16',10,'2014-12-17T18:06:50.808Z',NULL,'Alert'),
	(2043,NULL,NULL,'Test near',22,NULL,'2014-12-17 23:05:10','2014-12-17 23:05:16','00:00:06','2014-12-17 23:05:21','00:00:11',NULL,'2014-12-17 23:05:25','00:00:15',10,'2014-12-17T20:05:28.171Z',NULL,'Alert'),
	(2050,NULL,NULL,'Test near',27,105987,'2014-12-18 19:43:09','2014-12-18 19:43:45','00:00:36','2014-12-18 19:44:14','00:01:05',NULL,'2014-12-18 19:44:29','00:01:20',10,'2014-12-18T16:43:27.520Z',NULL,'Alert'),
	(2051,NULL,NULL,'Test near',26,105987,'2014-12-18 19:44:40','2014-12-18 19:44:44','00:00:04','2014-12-18 19:45:13','00:00:33',NULL,'2014-12-18 19:45:20','00:00:40',10,'2014-12-18T16:44:58.322Z',NULL,'Alert'),
	(2075,NULL,NULL,NULL,7,162148,'2014-12-23 23:32:39','2014-12-24 10:30:25','10:57:46','2014-12-24 10:30:25','10:57:46',1,'2014-12-24 10:30:25','10:57:46',90062,'2014-12-23T14:32:57.000',NULL,'Alert'),
	(2077,NULL,NULL,NULL,7,162148,'2014-12-23 23:34:24','2014-12-24 10:30:31','10:56:07','2014-12-24 10:30:31','10:56:07',1,'2014-12-24 10:30:31','10:56:07',90062,'2014-12-23T14:34:43.000',NULL,'Alert'),
	(2080,NULL,NULL,NULL,7,162148,'2014-12-23 23:50:32','2014-12-24 10:30:42','10:40:10','2014-12-24 10:30:42','10:40:10',1,'2014-12-24 10:30:42','10:40:10',90062,'2014-12-23T14:50:51.000',NULL,'Alert'),
	(2081,NULL,NULL,NULL,7,162148,'2014-12-23 23:52:51','2014-12-24 10:30:46','10:37:55','2014-12-24 10:30:46','10:37:55',1,'2014-12-24 10:30:46','10:37:55',90062,'2014-12-23T14:53:10.000',NULL,'Alert'),
	(2090,NULL,NULL,NULL,7,192389,'2014-12-26 21:18:28','2014-12-29 10:45:36','13:27:08','2014-12-29 10:45:36','13:27:08',1,'2014-12-29 10:46:12','13:27:44',6093,'2014-12-26T12:18:47.000',NULL,'Alert'),
	(2091,NULL,NULL,NULL,7,192389,'2014-12-26 21:20:51','2014-12-29 10:45:31','13:24:40','2014-12-29 10:45:31','13:24:40',1,'2014-12-29 10:46:09','13:25:18',6093,'2014-12-26T12:21:10.000',NULL,'Alert'),
	(2095,NULL,NULL,'AdCom Storage',7,192389,'2014-12-26 22:18:02','2014-12-29 10:45:14','12:27:12','2014-12-29 10:45:15','12:27:13',1,'2014-12-29 10:46:01','12:27:59',6093,'2014-12-26T13:18:21.000',NULL,'Alert'),
	(2104,NULL,NULL,'Test near',26,105987,'2015-01-07 22:57:34','2015-01-07 22:58:09','00:00:35','2015-01-07 22:58:37','00:01:03',NULL,'2015-01-07 22:59:12','00:01:38',10,'2015-01-07T19:57:57.444Z',NULL,'Alert'),
	(2105,NULL,NULL,NULL,22,96334,'2015-01-12 22:43:19','2015-01-12 22:43:30','00:00:11','2015-01-12 22:45:35','00:02:16',NULL,'2015-01-14 01:05:34','02:22:15',51776,'2015-01-12T13:43:42.000',NULL,'Alert'),
	(2106,NULL,NULL,'AdCom Storage',22,192389,'2015-01-13 17:31:03','2015-01-14 01:05:25','07:34:22','2015-01-14 01:05:25','07:34:22',1,'2015-01-14 01:05:31','07:34:28',6093,'2015-01-13T08:31:26.000',NULL,'Alert'),
	(2107,NULL,NULL,'AdCom Storage',22,192389,'2015-01-13 17:31:53','2015-01-14 01:05:21','07:33:28','2015-01-14 01:05:21','07:33:28',1,'2015-01-14 01:05:29','07:33:36',6093,'2015-01-13T08:32:16.000',NULL,'Alert'),
	(2111,NULL,NULL,'David Office',22,162148,'2015-01-14 01:04:37','2015-01-14 01:05:07','00:00:30','2015-01-14 01:05:07','00:00:30',1,'2015-01-14 01:05:07','00:00:30',90062,'2015-01-13T16:05:01.000',NULL,'Alert'),
	(2112,NULL,NULL,'Test near',22,105987,'2015-01-14 21:53:49','2015-01-14 21:54:01','00:00:12','2015-01-14 21:54:24','00:00:35',NULL,'2015-01-14 21:54:37','00:00:48',10,'2015-01-14T18:54:11.982Z',NULL,'Alert'),
	(2118,NULL,NULL,'Test near',22,105987,'2015-01-16 20:13:00','2015-01-16 20:13:09','00:00:09','2015-01-16 20:13:11','00:00:11',NULL,'2015-01-16 20:13:13','00:00:13',10,'2015-01-16T17:13:24.122Z',NULL,'Alert'),
	(2133,NULL,NULL,'Test near',22,105987,'2015-02-09 18:30:48','2015-02-09 18:30:54','00:00:06','2015-02-09 18:31:16','00:00:28',NULL,'2015-02-09 18:31:22','00:00:34',10,'2015-02-09T15:31:19.546Z',NULL,'Alert'),
	(2136,NULL,NULL,'Test near',22,105987,'2015-02-10 00:19:07','2015-02-10 00:19:26','00:00:19','2015-02-10 00:19:52','00:00:45',NULL,'2015-02-10 00:20:01','00:00:54',10,'2015-02-09T21:19:44.177Z',NULL,'Alert'),
	(2143,NULL,NULL,'Test near',26,105987,'2015-02-11 20:06:18','2015-02-11 20:07:08','00:00:50','2015-02-11 20:07:18','00:01:00',NULL,'2015-02-11 20:07:38','00:01:20',10,'2015-02-11T17:06:57.667Z',NULL,'Alert'),
	(2156,NULL,NULL,'Test near',22,105987,'2015-02-11 20:45:47','2015-02-11 20:46:22','00:00:35','2015-02-11 20:46:22','00:00:35',1,'2015-02-11 21:13:41','00:27:54',10,'2015-02-11T17:46:26.665Z',NULL,'Alert'),
	(2162,NULL,NULL,'Test near',22,105987,'2015-02-11 23:18:28','2015-02-11 23:19:13','00:00:45','2015-02-11 23:19:17','00:00:49',NULL,'2015-02-11 23:19:22','00:00:54',10,'2015-02-11T20:19:07.597Z',NULL,'Alert');

/*!40000 ALTER TABLE `alerts` ENABLE KEYS */;
UNLOCK TABLES;


# Dump of table alerts_residents
# ------------------------------------------------------------

DROP TABLE IF EXISTS `alerts_residents`;

CREATE TABLE `alerts_residents` (
  `resident_id` int(11) NOT NULL,
  `alert_id` int(11) NOT NULL,
  PRIMARY KEY (`alert_id`,`resident_id`),
  KEY `IDX_alert` (`alert_id`),
  KEY `IDX_resident` (`resident_id`),
  CONSTRAINT `FK_alert` FOREIGN KEY (`alert_id`) REFERENCES `alerts` (`id`) ON DELETE CASCADE,
  CONSTRAINT `FK_residents` FOREIGN KEY (`resident_id`) REFERENCES `residents` (`id`) ON DELETE CASCADE
) ENGINE=InnoDB DEFAULT CHARSET=utf8;

LOCK TABLES `alerts_residents` WRITE;
/*!40000 ALTER TABLE `alerts_residents` DISABLE KEYS */;

INSERT INTO `alerts_residents` (`resident_id`, `alert_id`)
VALUES
	(5,1624),
	(7,1631),
	(7,1637),
	(4,1639),
	(5,1640),
	(3,1656),
	(3,1657),
	(3,1658),
	(8,1660),
	(4,1666),
	(8,1669),
	(8,1670),
	(8,1671),
	(8,1672),
	(8,1681),
	(8,1682),
	(8,1683),
	(8,1686),
	(8,1687),
	(8,1688),
	(8,1689),
	(8,1694),
	(8,1698),
	(8,1700),
	(8,1719),
	(8,1720),
	(8,1735),
	(8,1736),
	(3,1737),
	(3,1738),
	(3,1739),
	(3,1740),
	(3,1741),
	(3,1747),
	(3,1748),
	(3,1750),
	(3,1751),
	(3,1752),
	(3,1755),
	(3,1758),
	(3,1760),
	(8,1762),
	(8,1763),
	(8,1764),
	(8,1765),
	(8,1766),
	(8,1767),
	(8,1768),
	(8,1770),
	(8,1771),
	(8,1772),
	(8,1773),
	(8,1774),
	(8,1775),
	(8,1776),
	(8,1777),
	(8,1778),
	(8,1779),
	(8,1780),
	(8,1781),
	(8,1782),
	(8,1783),
	(8,1784),
	(8,1785),
	(8,1786),
	(8,1787),
	(8,1788),
	(8,1789),
	(8,1790),
	(3,1794),
	(3,1799),
	(3,1800),
	(3,1801),
	(3,1802),
	(3,1803),
	(3,1804),
	(3,1805),
	(3,1806),
	(3,1807),
	(3,1808),
	(3,1809),
	(3,1810),
	(3,1811),
	(3,1812),
	(8,1818),
	(8,1819),
	(8,1820),
	(8,1821),
	(8,1822),
	(8,1823),
	(8,1824),
	(8,1827),
	(8,1831),
	(8,1832),
	(8,1833),
	(8,1834),
	(8,1835),
	(8,1836),
	(8,1837),
	(8,1838),
	(8,1839),
	(8,1840),
	(3,1841),
	(3,1842),
	(3,1843),
	(3,1844),
	(3,1845),
	(3,1846),
	(8,1847),
	(8,1848),
	(8,1849),
	(8,1851),
	(8,1852),
	(8,1853),
	(8,1854),
	(8,1857),
	(8,1859),
	(4,1873),
	(8,1877),
	(8,1878),
	(8,1879),
	(8,1881),
	(4,1882),
	(8,1885),
	(8,1886),
	(8,1887),
	(8,1888),
	(8,1889),
	(8,1890),
	(8,1892),
	(4,1894),
	(4,1895),
	(8,1897),
	(8,1898),
	(8,1899),
	(8,1900),
	(8,1901),
	(8,1903),
	(8,1904),
	(8,1905),
	(8,1908),
	(8,1909),
	(8,1910),
	(8,1911),
	(8,1912),
	(8,1913),
	(8,1914),
	(8,1948),
	(8,1951),
	(8,1952),
	(8,1954),
	(8,1955),
	(8,1960),
	(8,1962),
	(8,1970),
	(8,1974),
	(8,1977),
	(8,1982),
	(8,1983),
	(8,1988),
	(8,1989),
	(9,1990),
	(10,1990),
	(9,1991),
	(10,1991),
	(9,1992),
	(10,1992),
	(9,1993),
	(10,1993),
	(9,1995),
	(10,1995),
	(8,1998),
	(8,1999),
	(8,2000),
	(8,2004),
	(8,2005),
	(8,2006),
	(8,2007),
	(8,2008),
	(8,2009),
	(9,2010),
	(10,2010),
	(9,2011),
	(10,2011),
	(9,2012),
	(10,2012),
	(9,2013),
	(10,2013),
	(9,2015),
	(10,2015),
	(9,2016),
	(10,2016),
	(4,2017),
	(4,2020),
	(4,2021),
	(4,2022),
	(4,2023),
	(4,2028),
	(4,2029),
	(4,2030),
	(4,2031),
	(4,2035),
	(4,2038),
	(8,2041),
	(8,2043),
	(8,2050),
	(8,2051),
	(4,2075),
	(4,2077),
	(4,2080),
	(4,2081),
	(11,2090),
	(11,2091),
	(11,2095),
	(8,2104),
	(4,2105),
	(11,2106),
	(11,2107),
	(4,2111),
	(8,2112),
	(8,2118),
	(8,2133),
	(8,2136),
	(8,2143),
	(8,2156),
	(8,2162);

/*!40000 ALTER TABLE `alerts_residents` ENABLE KEYS */;
UNLOCK TABLES;


# Dump of table buttons
# ------------------------------------------------------------

DROP TABLE IF EXISTS `buttons`;

CREATE TABLE `buttons` (
  `id` int(11) NOT NULL AUTO_INCREMENT,
  `palatium_care_id` int(11) DEFAULT NULL,
  `location_id` int(11) DEFAULT NULL,
  `public_id` varchar(255) COLLATE utf8_unicode_ci NOT NULL,
  PRIMARY KEY (`id`),
  UNIQUE KEY `UNIQ_3A06AC3D9F35DE89` (`public_id`),
  UNIQUE KEY `button_palatium_care_id` (`palatium_care_id`),
  KEY `fk_button_location` (`location_id`),
  CONSTRAINT `fk_button_location` FOREIGN KEY (`location_id`) REFERENCES `locations` (`id`) ON DELETE SET NULL
) ENGINE=InnoDB DEFAULT CHARSET=utf8 COLLATE=utf8_unicode_ci;

LOCK TABLES `buttons` WRITE;
/*!40000 ALTER TABLE `buttons` DISABLE KEYS */;

INSERT INTO `buttons` (`id`, `palatium_care_id`, `location_id`, `public_id`)
VALUES
	(3,NULL,NULL,'b26e70d3'),
	(4,NULL,NULL,'b27535b7'),
	(5,NULL,NULL,'f4bc12'),
	(75,28,NULL,'INV-0C-B27C4708'),
	(76,29,NULL,'INV-0C-B27C47BB'),
	(77,30,NULL,'INV-0C-B27C4700'),
	(78,31,NULL,'INV-0C-B27C4785'),
	(79,32,NULL,'INV-0C-B27C4720'),
	(80,33,NULL,'INV-0C-B27C260C'),
	(81,34,NULL,'INV-0C-B27C275D'),
	(82,35,NULL,'INV-0C-B27C2513'),
	(83,36,NULL,'INV-0C-B27C46FB'),
	(84,37,NULL,'INV-0C-B27C279C'),
	(85,38,NULL,'INV-0C-B27C4954'),
	(86,39,NULL,'INV-0C-B27C47B7'),
	(87,40,NULL,'INV-0C-B27C4704'),
	(88,41,NULL,'INV-0C-B27C4958'),
	(89,42,NULL,'INV-0C-B27C47AF'),
	(90,43,NULL,'INV-0C-B27C46FC'),
	(91,56,NULL,'INV-0C-B27C4952'),
	(92,229,NULL,'INV-18-B27D29AD'),
	(93,89,NULL,'INV-18-B27D29B1'),
	(94,90,NULL,'INV-18-B27D2868'),
	(95,111,NULL,'INV-18-B27CE57A'),
	(96,114,NULL,'INV-18-B27D2A1A'),
	(97,125,NULL,'INV-18-B27D2A5E'),
	(98,126,NULL,'INV-18-B27D2A64'),
	(99,127,NULL,'INV-18-B27D2A3B'),
	(100,144,NULL,'INV-18-B27D2A4B'),
	(101,145,NULL,'INV-18-B27D2A66'),
	(102,147,NULL,'INV-18-B27D2A3F'),
	(103,148,NULL,'INV-18-B27D2A46'),
	(104,149,NULL,'INV-18-B27D2A43'),
	(105,150,NULL,'INV-18-B27D2A41'),
	(106,156,NULL,'INV-18-B27CE576'),
	(107,157,NULL,'INV-18-B27D2A6A'),
	(252,170,NULL,'INV-18-B27D2A4F'),
	(253,171,NULL,'INV-18-B27D2A5A'),
	(254,172,NULL,'INV-18-B27D2A62'),
	(528,199,813,'INV-0C-B26B78F7'),
	(648,182,NULL,'INV-18-B27D2A58'),
	(1689,200,NULL,'INV-18-B27CE56A'),
	(1690,201,NULL,'INV-18-B27D2A16'),
	(1724,46,NULL,'INV-03-B27BD95C'),
	(1725,47,NULL,'INV-03-B27BD7E6'),
	(1726,48,NULL,'INV-03-B27BD7E4'),
	(1727,49,NULL,'INV-03-B27BD59F'),
	(1728,50,NULL,'INV-03-B27BD1EE'),
	(1729,51,NULL,'INV-03-B27BD800'),
	(1730,52,NULL,'INV-03-B27BD1FF'),
	(1731,54,NULL,'INV-03-B27BD1FB'),
	(1732,55,NULL,'INV-03-B27BD59B'),
	(1735,58,NULL,'INV-03-B27A197B'),
	(1736,59,NULL,'INV-03-B27BD803'),
	(1737,61,NULL,'INV-03-B27BD7FC'),
	(1738,64,NULL,'INV-03-B27BD5A0'),
	(1746,131,NULL,'INV-03-B27E3B63'),
	(1747,132,NULL,'INV-03-B27E33D7'),
	(2586,57,NULL,'INV-RP-017C02E0'),
	(3182,212,NULL,'INV-18-B27D2A5C'),
	(3183,213,NULL,'INV-18-B27D2A60'),
	(3184,214,NULL,'INV-18-B27D2A3D'),
	(130762,186,NULL,'NTB-01-01'),
	(130763,185,NULL,'WWP-01-01'),
	(130764,11,NULL,'INV-RC-0076AE13'),
	(130765,12,NULL,'INV-RP-017C3258'),
	(130766,13,NULL,'INV-RP-017C324C'),
	(130767,14,NULL,'INV-RP-017C3254'),
	(130768,15,NULL,'INV-RP-017C02D6'),
	(130769,16,NULL,'INV-RP-017C02E6'),
	(130770,17,NULL,'INV-RP-017C02E2'),
	(130771,18,NULL,'INV-RP-017C3250'),
	(130772,19,NULL,'INV-RP-017C02DF'),
	(130773,20,NULL,'INV-RP-017C02E1'),
	(130774,21,NULL,'INV-RP-017C318D'),
	(130775,24,NULL,'INV-0C-B27C47B3'),
	(130776,25,NULL,'INV-0C-B27C4A0C'),
	(130777,26,NULL,'INV-0C-B27C4A08'),
	(130778,27,NULL,'INV-0C-B27C275E'),
	(130781,189,NULL,'INV-RC-0076ADAF'),
	(130782,194,832,'INV-03-B26EF030'),
	(130783,195,819,'INV-03-B26FF407'),
	(130784,196,820,'INV-03-B26EEF37'),
	(130785,197,807,'INV-0C-B26A31FC'),
	(130786,198,808,'INV-0C-B26AE792'),
	(130789,217,838,'INV-0C-B26B74B2'),
	(130790,218,838,'INV-0C-B26C22C8'),
	(130791,239,807,'INV-03-B2FFE83E'),
	(130792,262,815,'INV-0C-B286EE02'),
	(130793,263,NULL,'INV-RP-0178F459'),
	(130794,264,816,'INV-0C-B268FC3E'),
	(130795,265,817,'INV-34-B270E724'),
	(130796,286,807,'INV-34-B27F43DD'),
	(130797,289,807,'INV-0C-B26D2007'),
	(130798,334,828,'INV-0C-B2FDE03D'),
	(131239,456,807,'INV-34-B2626568'),
	(138254,342,811,'INV-0C-B287A14C'),
	(138299,345,814,'INV-34-B270EC8F'),
	(138300,348,813,'RA-1-4'),
	(138325,349,818,'INV-18-B2754E43'),
	(138376,354,818,'INV-34-B27F436B'),
	(138396,359,835,'INV-34-B288A80E'),
	(138397,360,95397,'INV-34-B288A326'),
	(138996,387,96334,'INV-34-B288A867'),
	(153810,428,831,'INV-0C-B26A7D13'),
	(182323,451,NULL,'INV-RP-0172DBDF');

/*!40000 ALTER TABLE `buttons` ENABLE KEYS */;
UNLOCK TABLES;


# Dump of table devices
# ------------------------------------------------------------

DROP TABLE IF EXISTS `devices`;

CREATE TABLE `devices` (
  `id` int(11) NOT NULL AUTO_INCREMENT,
  `type` varchar(255) NOT NULL,
  `workflow` enum('action','no action') NOT NULL DEFAULT 'no action',
  PRIMARY KEY (`id`),
  UNIQUE KEY `device_type` (`type`)
) ENGINE=InnoDB DEFAULT CHARSET=utf8;

LOCK TABLES `devices` WRITE;
/*!40000 ALTER TABLE `devices` DISABLE KEYS */;

INSERT INTO `devices` (`id`, `type`, `workflow`)
VALUES
	(1,'Door Sensor','no action'),
	(2,'Sensor With Action','action'),
	(3,'Pull Cord','action'),
	(4,'All In One Device','no action'),
	(5,'Door','no action'),
	(10,'Push Alert','action'),
	(18,'All In One','action'),
	(20,'Push Cord','no action'),
	(6091,'Wandering Tag','no action'),
	(6092,'Wandering Interface','no action'),
	(6093,'Pendant','action'),
	(6136,'Door Sensor with Reset','no action'),
	(11527,'Push Alert with Acknowledge','no action'),
	(30002,' ','no action'),
	(51776,'AIO Station','action'),
	(90062,'Fixed Push Cord Momentary','no action');

/*!40000 ALTER TABLE `devices` ENABLE KEYS */;
UNLOCK TABLES;


# Dump of table handsets
# ------------------------------------------------------------

DROP TABLE IF EXISTS `handsets`;

CREATE TABLE `handsets` (
  `id` int(11) NOT NULL AUTO_INCREMENT,
  `user_id` int(11) DEFAULT NULL,
  `public_id` varchar(255) COLLATE utf8_unicode_ci NOT NULL,
  `name` varchar(255) COLLATE utf8_unicode_ci NOT NULL,
  `push_token` char(64) COLLATE utf8_unicode_ci DEFAULT NULL,
  `display_name` varchar(255) COLLATE utf8_unicode_ci DEFAULT NULL,
  PRIMARY KEY (`id`),
  UNIQUE KEY `UNIQ_6D8E54B5DF09E16C` (`public_id`),
  UNIQUE KEY `UNIQ_6D8E54B55E237E06` (`name`),
  UNIQUE KEY `UNIQ_6D8E54B5A76ED395` (`user_id`),
  CONSTRAINT `FK_6D8E54B5A76ED395` FOREIGN KEY (`user_id`) REFERENCES `users` (`id`) ON DELETE SET NULL
) ENGINE=InnoDB DEFAULT CHARSET=utf8 COLLATE=utf8_unicode_ci;

LOCK TABLES `handsets` WRITE;
/*!40000 ALTER TABLE `handsets` DISABLE KEYS */;

INSERT INTO `handsets` (`id`, `user_id`, `public_id`, `name`, `push_token`, `display_name`)
VALUES
	(1,NULL,'7CC0B9B0-E3F6-40C4-BC47-41D794E8FA6F','Maria\'s IPhone 4s','012aa377662b3270c2c44a5d5df23cff16dbd92e9048de197359f74006f88e50','IPhone 4s'),
	(9,NULL,'D5F16CDD-CC3B-4835-8E81-CC3566766924','Simulator 4 inch iOS 7.1','','iPhone 5'),
	(11,NULL,'3924F4AB-7A0E-45B7-9555-98C18AD6AFF9','iPhone 5','5336bc6821d4c40d0533b09fe458ed633087fa8a6f9d42740682ee09d3d27e83','iPhone 5'),
	(12,NULL,'9DC6ECE3-99D2-4764-8691-86A0B917CEE4','OCSICO iPhone 5S','0ffeb418d53ec714c91b8eafb72603e9112059743c57ba41fbc56d8be9b903f2','OCSICO iPhone 5S'),
	(13,NULL,'E4E0E8E8-3B0A-47CA-9B9A-1AB1E5C29A2E','Greg\'s iPod','','Greg\'s iPod'),
	(14,NULL,'BF72D325-71B6-473B-BB11-A3DFE3535D6F','Greg\'s IPod2','1a938abb4a69a50fc924868a1b517f41f0fa43ca5912562fa5b05b52ace214ee','Eldermark iPod'),
	(15,NULL,'D86D2DC7-6777-4189-9FC3-E91FC4D79776','Apple','ce5c415d38088b5234bb25af5cfeb5052562ad6c1a69f14e3d7b024b19dae492','Apple iPad'),
	(16,NULL,'8AA7ABB4-5B23-439A-ADD8-0CAB106AB38B','Apple 1','313f1b1673a3080985dd30c91bf861e6091d916bb74ed4daf78ce3b1445c2198','APPLE 1'),
	(17,NULL,'804B4AB0-9DA4-4AD3-B7EB-6A11718244B8','Greg\'s iPhone','0689541ee4faf4bfb67e851cbb0f568fc39e60670e7b594e5e87a70b184c2848','Greg Robertson'),
	(18,25,'53C9A101-6F69-4B19-81FC-6608641A950C','Ben Kelly','2b48b3ee99b41f93af89b36eb74c2d18a316e6a699bdee238c26e656ba86ce05','Ben Kelly'),
	(19,NULL,'88A086A5-6E7B-4361-B439-02ACB3828836','BEN KELLY2','62e40aec2173237032dd7d2fbc871bc9124d7af6322079584c782460ae194cf1','BEN KELLY2'),
	(20,NULL,'709E4D9D-5599-42CE-BEB3-3086FDD26F7A','Mark A iPhone','5f739973f3266d8242296afbd08f804792d436b39d5ab6b75575f8c242bd4b5f','Mark A iPhone'),
	(21,NULL,'656C7FA0-0827-43DA-8FF4-D6514AB5AB23','Steve Redeker Handset','fba5aa8edc2dac1517cac494541d047136bea63dfb57e1857ad5d5f6330cbedc','Steve Redeker '),
	(22,NULL,'A9673BEF-CBE3-49EC-8DF2-3A9C474F86CF','Kirt iPad','14acf16017bad85ad3a97c4fd122fce44d6cf5315fc0ff11a71daec91c4c8f3a','Kirt iPad'),
	(23,NULL,'7D25EB87-C640-4608-B087-A115DAFE1C25','Greg B iphone','','Greg Bertagnoli'),
	(24,NULL,'31CD51DB-521D-4DCF-9175-A80E7AA911B2','EM01','5ec6de96492ce915fcd182c9284b6c215593792cb6bdb0c809a0d7e70defe8d2','EM01'),
	(25,27,'E0F9A116-5A5F-43AE-B67F-1702EA4B8825','EM02','0f1c1ce3ce6550ef835a1d875c42da01aab50075a08e5148555bb5b795d3397d','EM02'),
	(26,NULL,'2BB27581-1545-4D9D-A99E-F0D0B4A13A30','EM03','55bce8572abbef1a8163049c9efb61f74ad33f9b0a0d552d31b70b9386e2269c','EM03'),
	(27,NULL,'28BE9326-62EC-449D-B9F3-F18E6D74EE9F','EM04','7ba06b1e3be8b7ae81d5c40478f71475223cc20b5814be2ec9dab82d69ca70b3','EM04'),
	(28,NULL,'7D9CDE98-B70D-47E7-B88C-0B52EA8B7C67','EM05','9e23bcc986c3052352736aa71bfcedf063dcf25cf1ecfffef0834fdf1b7829e0','EM05'),
	(29,26,'6B848B76-4FCC-4FA6-ABE8-B3FE09E3B7B9','EM06','c27e2116c084d1d4e98e82131c2d0d017ed25266f60eb72c79833fdea4e21fcc','EM06'),
	(30,NULL,'9620B1D1-BA5D-4779-87DB-CC18FD79FF47','EM07','d882063e982207ad1eccf680053b907f044516e6b148c04dc6497e829b9d0093','EM07'),
	(31,NULL,'222DA222-EA20-4C1C-9ABF-4294B1B86170','Joe Hasenstein','b9983f9374e0a5035a23c002c2709a20718642a5272414f58ac7fddbe1ad51ce','Joe Hasenstein'),
	(33,NULL,'F9C7AB16-599C-4D2E-899B-DC40883D3803','EM09','17a891fa1df5fecea520def5e3cd7b6b7afb038de82dd1b782459e2b6d4b7e5a','EM09'),
	(34,NULL,'2ED40B82-0798-4B25-A6F0-8BF1EBA44366','EM10','e0ad33b04526ccb2371a46868f11fd094d138086e095e8d674fae69266bcc1b5','EM10'),
	(36,NULL,'57C140EF-52A4-4923-9BAA-66E2E3FE0D83','PowerSlam IPad Air','ad55a243cfab2dd4021e6b7504231cee322a2c15c9c965d2c4582423a9b58e77','PowerSlam IPad Air'),
	(37,NULL,'F33D8C06-3D8A-49A9-88D6-3535577C7EC4','iPhone 4 ocsico','27cdb0e59c8a2e68b714c9728fc41b8636b31b07bff80455d02001d18b924df7','iPhone 4 ocsico'),
	(38,NULL,'9F66AB0B-727D-47ED-BA97-3C125B6BCE9F','9F66','6381253d6e77c3a3237402e77d9b8eb24bfe1a0c3bdc83773bf4e446f9080d07','9F66'),
	(39,NULL,'46CFE4A8-EAE4-43FD-B2CA-40E63A378710','iPad ocsico','583b6d8dc37dd8657590ce40c5beefd345519d5f359f7ef3c43e51778904d172','iPad ocsico'),
	(40,NULL,'C14544DB-D600-4670-BA3F-FA190E05B98A','EM08','','EM08'),
	(41,NULL,'CADFCF11-43B4-4E95-9CD1-D879AA97126F','CKH1','c5aee9778b0587681d77fee0e86b7eb723bc5cf27e7ceb1ea342dec8886a2cb7','CKH1'),
	(42,NULL,'18078841-9BF4-4B46-AB91-42F2AEBE2D3F','CKH2','70d791dfcde175f61c21abbbcdbc43cd7347a572ec817f424ea4756d8e9be7b2','CKH2'),
	(43,NULL,'A98A7C58-9084-4CA3-81E3-DE68C845B9D5','NTS','336216eac701f082717cc5fdb1b3a5dac64ab500d9b50f46223aff17e82c8296','iPhone 5'),
	(44,NULL,'1A35E757-443F-4D93-9530-B665909FCF59','Test',NULL,'Tester'),
	(45,NULL,'0B387E6B-FAC7-4D68-B073-C1A8E0B2FE8A','TESTER2',NULL,'TESTER2'),
	(46,NULL,'77871192-5378-4FA3-8DDF-36DC1F54F8E4','77871','d465a5ec338ab99d5ec1de891ad0242c5dd27840c57e35442b96724fd6905161',''),
	(47,NULL,'AA073A33-D826-423C-BD8B-0DA4894F73D5','ipod2','d3a9d4a7160fd2c5f9add407d95d226d3407e16ae726be7f1f37247f481c4cf3','ipod2'),
	(48,NULL,'66d70842-cc96-4cbc-b39c-831d293b1b22','Craig 1','99e5a9d90975bded04cff8bded23b117591585603a221695ce00aa119b732f8c','Craig 1'),
	(49,NULL,'Fd9644d4-b964-4f2c-b2c9-be400c3b5db2','Ken Rump iPhone','','Ken iPhone'),
	(50,NULL,'3FCF7FB3-F464-4733-BA2E-DA581C77A715','BC1','461fb933708582ad3d3e3ae9a5d6e6c39d33b4038faf198f19f0a98de5a6b665','BC1'),
	(51,NULL,'50C7EBFE-426E-4201-9009-B6B73224D042','Drew Iphone','eca58feeb85deab7c9cf9425969dbc216fb59e3c10d233ecb634ae9e1126265e','Drew iPhone'),
	(52,NULL,'34B28CFB-A95C-4EBD-A315-B32612F43933','newiPod','','grgriPod'),
	(53,NULL,'F35C6E7D-F997-4D81-BBDC-D1EFE58F2A2E','iPod OCSICO','','iPod OCSICO'),
	(54,NULL,'F535CA5E-9C76-4160-AB4D-71F4647272BA','iPod 5 ocsico','49b0fe57e2df4cd5f39e31a025cb3555d48a1f3773ad77a7551861ff3e5ab646','iPod ocsico'),
	(55,NULL,'80b9014c-fafe-486a-aaa4-eb64f9f520db','EMTEST1','b700f83b55a6161697ea1bfadc35aa55ec7d916c52b59aaf0f313589b5739956','EMTEST1'),
	(56,NULL,'D2F99AD0-ACA0-4267-9DCD-0EC52316305F','EMTEST2','4b8a7b1f47660b6800b80a2d47bf03d1f79267aaba312ef69c97d32e89dca314','EMTEST2'),
	(57,NULL,'D263291E-B68B-4148-85F8-3FDB9E2DF851','EMTEST3','2a933e567b7448e2d7c408579057dde5118b3183c716f8316945664dd1004312','EMTEST3'),
	(58,NULL,'CC6DA69B-537D-417F-889F-8E07F48DC1AA','iPhone OCSICO 1','9025da9bcad37bebf6d58adb505dd3d0de1d6ac135fbc54be91eb74ac9331e2b','');

/*!40000 ALTER TABLE `handsets` ENABLE KEYS */;
UNLOCK TABLES;


# Dump of table hops
# ------------------------------------------------------------

DROP TABLE IF EXISTS `hops`;

CREATE TABLE `hops` (
  `id` int(11) NOT NULL AUTO_INCREMENT,
  `public_id` varchar(255) COLLATE utf8_unicode_ci NOT NULL,
  `name` varchar(255) COLLATE utf8_unicode_ci DEFAULT NULL,
  `type` enum('repeater','receiver') COLLATE utf8_unicode_ci NOT NULL DEFAULT 'repeater',
  PRIMARY KEY (`id`),
  UNIQUE KEY `UNIQ_BE545DE33B01599` (`public_id`)
) ENGINE=InnoDB DEFAULT CHARSET=utf8 COLLATE=utf8_unicode_ci;

LOCK TABLES `hops` WRITE;
/*!40000 ALTER TABLE `hops` DISABLE KEYS */;

INSERT INTO `hops` (`id`, `public_id`, `name`, `type`)
VALUES
	(4,'0073a0b6','near ocsico: ','repeater');

/*!40000 ALTER TABLE `hops` ENABLE KEYS */;
UNLOCK TABLES;


# Dump of table locations
# ------------------------------------------------------------

DROP TABLE IF EXISTS `locations`;

CREATE TABLE `locations` (
  `id` int(11) NOT NULL AUTO_INCREMENT,
  `palatium_care_id` int(11) DEFAULT NULL,
  `zone_id` int(11) DEFAULT NULL,
  `name` varchar(255) COLLATE utf8_unicode_ci NOT NULL,
  `behavior` enum('mobile','static') COLLATE utf8_unicode_ci NOT NULL DEFAULT 'mobile',
  `enabled` tinyint(1) NOT NULL,
  PRIMARY KEY (`id`),
  UNIQUE KEY `UNIQ_5E9E89CBDE27CB46` (`name`),
  UNIQUE KEY `location_palatium_care_id` (`palatium_care_id`),
  KEY `IDX_5E9E89CB9F2C3FAB` (`zone_id`),
  CONSTRAINT `FK_5E9E89CB9F2C3FAB` FOREIGN KEY (`zone_id`) REFERENCES `zones` (`id`)
) ENGINE=InnoDB DEFAULT CHARSET=utf8 COLLATE=utf8_unicode_ci;

LOCK TABLES `locations` WRITE;
/*!40000 ALTER TABLE `locations` DISABLE KEYS */;

INSERT INTO `locations` (`id`, `palatium_care_id`, `zone_id`, `name`, `behavior`, `enabled`)
VALUES
	(805,1,4,'','mobile',1),
	(807,3,4,'Mike\'s Office','mobile',1),
	(808,4,4,'Bedroom','mobile',1),
	(809,5,4,'Brie\'s Office','mobile',1),
	(810,6,4,'Sheri\'s Office','mobile',1),
	(811,7,4,'Steve\'s Office','mobile',1),
	(812,8,4,'Craig\'s Office','mobile',1),
	(813,9,4,'Kurt\'s Office','mobile',1),
	(814,10,4,'Multi Purpose Room','mobile',1),
	(815,11,4,'Kitchen Area','mobile',1),
	(816,12,4,'Room 102','mobile',1),
	(817,13,4,'David\'s Office','mobile',1),
	(818,14,4,'Accounting Office','mobile',1),
	(819,16,4,'Garage','mobile',1),
	(820,17,4,'Shipping','mobile',1),
	(821,18,4,'Storage Room','mobile',1),
	(822,19,4,'Server Room','mobile',1),
	(824,21,4,'Jason\'s Cubicle','mobile',1),
	(825,22,4,'Joe\'s Cubicle','mobile',1),
	(826,23,4,'Pete\'s Cubible','mobile',1),
	(827,24,4,'Lucas\'s Cubicle','mobile',1),
	(828,25,4,'Ben\'s Cubicle','mobile',1),
	(829,26,4,'Bill\'s Cubicle','mobile',1),
	(830,27,4,'Brian\'s Cubicle','mobile',1),
	(831,28,4,'Conference Room','mobile',1),
	(832,29,4,'Front Room','mobile',1),
	(833,30,4,'Men\'s Restroom','mobile',1),
	(834,31,4,'Women\'s Restroom','mobile',1),
	(835,32,4,'Cleaning Closet','mobile',1),
	(838,35,4,'Lab','mobile',1),
	(95397,36,4,'AIO Battery Testing','mobile',1),
	(96334,37,4,'Mike\'s Lab','mobile',1),
	(105987,NULL,4,'Test Location','mobile',1),
	(162148,NULL,4,'Bedroom SE','mobile',1),
	(192389,NULL,4,'Room 110','mobile',1),
	(333870,NULL,4,'Back Room','mobile',1),
	(333871,NULL,4,'Copy Room','mobile',1);

/*!40000 ALTER TABLE `locations` ENABLE KEYS */;
UNLOCK TABLES;

DELIMITER ;;
/*!50003 SET SESSION SQL_MODE="" */;;
/*!50003 CREATE */ /*!50017 DEFINER=`root`@`localhost` */ /*!50003 TRIGGER `location_bi_zone_id` BEFORE INSERT ON `locations` FOR EACH ROW BEGIN
    if (new.zone_id is null) then 
      set new.zone_id = (select z.id from zones z where z.name='Zone1');
    end if;
END */;;
/*!50003 SET SESSION SQL_MODE="" */;;
/*!50003 CREATE */ /*!50017 DEFINER=`root`@`localhost` */ /*!50003 TRIGGER `location_bu_zone_id` BEFORE UPDATE ON `locations` FOR EACH ROW BEGIN
    if (new.zone_id is null) then 
      set new.zone_id = (select z.id from zones z where z.name='Zone1');
    end if;
END */;;
DELIMITER ;
/*!50003 SET SESSION SQL_MODE=@OLD_SQL_MODE */;


# Dump of table login_history
# ------------------------------------------------------------

DROP TABLE IF EXISTS `login_history`;

CREATE TABLE `login_history` (
  `id` int(11) NOT NULL AUTO_INCREMENT,
  `employee` varchar(255) COLLATE utf8_unicode_ci NOT NULL,
  `handset` varchar(255) COLLATE utf8_unicode_ci DEFAULT NULL,
  `login` datetime NOT NULL,
  `logout` datetime DEFAULT NULL,
  PRIMARY KEY (`id`)
) ENGINE=InnoDB DEFAULT CHARSET=utf8 COLLATE=utf8_unicode_ci;

LOCK TABLES `login_history` WRITE;
/*!40000 ALTER TABLE `login_history` DISABLE KEYS */;

INSERT INTO `login_history` (`id`, `employee`, `handset`, `login`, `logout`)
VALUES
	(264,'Nicole Truman','iPhone 4 ocsico','2014-05-23 15:14:44','2014-05-23 16:51:06'),
	(266,'Nicole Truman','iPhone 4S ocsico','2014-05-23 16:51:06','2014-05-23 17:00:53'),
	(267,'Nicole Truman','iPhone 4 ocsico','2014-05-23 17:00:53','2014-05-23 17:19:59'),
	(268,'Nicole Truman','iPhone 4S ocsico','2014-05-23 17:19:59','2014-05-23 17:21:48'),
	(269,'Nicole Truman','iPhone 4S ocsico','2014-05-23 17:23:32','2014-05-23 17:24:43'),
	(270,'Tanya Beckman','iPhone 4S ocsico','2014-05-23 17:25:03','2014-05-23 17:31:24'),
	(271,'Nicole Truman','iPhone 4S ocsico','2014-05-23 17:32:48','2014-05-23 17:33:22'),
	(272,'Nicole Truman','iPhone 4S ocsico','2014-05-23 17:33:28','2014-05-23 17:34:16'),
	(273,'Nicole Truman','iPhone 4S ocsico','2014-05-23 17:34:21','2014-05-23 17:34:49'),
	(274,'Tanya Beckman','iPhone 4S ocsico','2014-05-23 17:34:55','2014-05-23 17:34:58'),
	(275,'Nicole Truman','iPhone 4S ocsico','2014-05-23 17:35:12','2014-05-23 17:36:20'),
	(276,'Nicole Truman','iPhone 4S ocsico','2014-05-23 17:36:25','2014-05-23 17:37:12'),
	(277,'Nicole Truman','iPhone 4S ocsico','2014-05-23 17:37:25','2014-05-23 17:38:24'),
	(278,'Nicole Truman','iPhone 4S ocsico','2014-05-23 17:38:29','2014-05-23 17:39:20'),
	(279,'Tanya Beckman','iPhone 4S ocsico','2014-05-23 17:39:45','2014-05-23 18:11:39'),
	(280,'Tanya Beckman','PowerSlam IPad Air','2014-05-23 18:11:39','2014-05-23 18:13:09'),
	(281,'Tanya Beckman','PowerSlam IPad Air','2014-05-23 18:26:04','2014-05-23 18:28:10'),
	(282,'Tanya Beckman','PowerSlam IPad Air','2014-05-23 18:28:22','2014-05-23 18:30:21'),
	(283,'Tanya Beckman','PowerSlam IPad Air','2014-05-23 18:31:57','2014-05-23 18:35:50'),
	(284,'Tanya Beckman','PowerSlam IPad Air','2014-05-23 18:35:58','2014-05-23 18:45:37'),
	(285,'Tanya Beckman','PowerSlam IPad Air','2014-05-23 18:53:25','2014-05-23 18:57:12'),
	(286,'Tanya Beckman','PowerSlam IPad Air','2014-05-23 22:26:50','2014-05-23 22:27:34'),
	(288,'Nicole Truman','Ipad ocsico','2014-05-26 16:13:16','2014-05-26 17:51:52'),
	(289,'Tanya Beckman','Ipad ocsico','2014-05-26 16:19:30','2014-05-26 16:20:46'),
	(290,'Tanya Beckman','Ipad ocsico','2014-05-26 16:20:51','2014-05-26 16:20:55'),
	(291,'Tanya Beckman','Ipad ocsico','2014-05-26 16:21:08','2014-05-26 17:49:10'),
	(292,'Tanya Beckman','Ipad ocsico','2014-05-26 17:49:15','2014-05-26 17:54:01'),
	(293,'Nicole Truman','iPhone 4S ocsico','2014-05-26 17:51:52','2014-05-26 17:54:13'),
	(294,'Nicole Truman','Ipad ocsico','2014-05-26 17:54:13','2014-05-27 11:07:15'),
	(295,'Tanya Beckman','PowerSlam IPad Air','2014-05-26 17:57:22','2014-05-26 18:24:05'),
	(296,'Tanya Beckman','PowerSlam IPad Air','2014-05-26 18:24:27','2014-05-27 11:05:32'),
	(297,'Tanya Beckman','Ipad ocsico','2014-05-27 11:05:32','2014-05-27 11:47:57'),
	(298,'Nicole Truman','iPhone 4S ocsico','2014-05-27 11:07:15','2014-05-27 12:40:03'),
	(299,'Tanya Beckman','PowerSlam IPad Air','2014-05-27 11:47:57','2014-05-27 12:36:53'),
	(300,'Tanya Beckman','Ipad ocsico','2014-05-27 12:36:53','2014-05-27 12:39:53'),
	(301,'Nicole Truman','Ipad ocsico','2014-05-27 12:40:03','2014-05-27 12:41:23'),
	(302,'Nicole Truman','Ipad ocsico','2014-05-27 12:41:28','2014-05-29 15:11:48'),
	(303,'Tanya Beckman','iPhone 4S ocsico','2014-05-27 13:03:40','2014-05-27 13:59:42'),
	(304,'Tanya Beckman','PowerSlam IPad Air','2014-05-27 13:59:42','2014-05-27 14:58:29'),
	(305,'Greg Robertson','Greg\'s iPhone','2014-05-27 17:36:08','2014-05-27 21:24:02'),
	(306,'admin',NULL,'2014-05-27 21:22:28','2014-05-28 11:59:53'),
	(307,'Greg Robertson','Greg\'s iPhone','2014-05-28 08:28:16','2014-05-28 15:43:02'),
	(308,'Tanya Beckman','PowerSlam IPad Air','2014-05-28 11:19:10','2014-05-28 14:48:36'),
	(309,'admin',NULL,'2014-05-28 12:03:35','2014-05-28 12:03:43'),
	(310,'admin',NULL,'2014-05-28 14:53:09','2014-05-28 15:59:15'),
	(311,'Tanya Beckman','PowerSlam IPad Air','2014-05-28 15:13:11','2014-05-28 15:18:45'),
	(312,'Tanya Beckman','PowerSlam IPad Air','2014-05-28 15:36:03','2014-05-28 15:42:23'),
	(313,'Tanya Beckman','PowerSlam IPad Air','2014-05-28 15:42:31','2014-05-28 15:44:59'),
	(314,'Tanya Beckman','PowerSlam IPad Air','2014-05-28 15:45:06','2014-05-28 22:47:14'),
	(315,'admin',NULL,'2014-05-28 16:55:17','2014-05-29 12:32:07'),
	(316,'Greg Robertson','Greg\'s iPhone','2014-05-28 18:58:56','2014-05-28 19:09:23'),
	(317,'admin',NULL,'2014-05-29 12:38:03','2014-05-29 12:45:34'),
	(318,'admin',NULL,'2014-05-29 14:40:59','2014-05-30 12:06:11'),
	(319,'Nicole Truman','iPhone 4S ocsico','2014-05-29 15:11:48','2014-05-29 15:20:01'),
	(320,'Nicole Truman','iPhone 4S ocsico','2014-05-29 15:20:01','2014-05-29 15:24:33'),
	(321,'Nicole Truman','iPhone 4S ocsico','2014-05-29 15:24:33','2014-05-29 15:35:01'),
	(322,'Tanya Beckman','Simulator 4 inch iOS 7.1','2014-05-29 15:25:31','2014-05-29 15:34:07'),
	(323,'Tanya Beckman','PowerSlam IPad Air','2014-05-29 15:34:07','2014-05-29 15:35:00'),
	(324,'Nicole Truman','iPhone 4S ocsico','2014-05-29 15:35:08','2014-05-29 15:39:02'),
	(325,'Tanya Beckman','PowerSlam IPad Air','2014-05-29 15:35:09','2014-05-29 15:38:31'),
	(326,'Tanya Beckman','PowerSlam IPad Air','2014-05-29 15:38:36','2014-05-30 01:24:12'),
	(327,'Nicole Truman','iPhone 4S ocsico','2014-05-29 15:39:09','2014-05-30 11:50:32'),
	(328,'Greg Robertson','Greg\'s iPhone','2014-05-30 01:21:59','2014-05-30 01:23:06'),
	(329,'Greg Robertson','Greg\'s iPhone','2014-05-30 01:23:11','2014-05-30 01:23:42'),
	(330,'Tanya Beckman','iPhone 4S ocsico','2014-05-30 09:28:30','2014-05-30 11:50:15'),
	(331,'Tanya Beckman','PowerSlam IPad Air','2014-05-30 11:50:15','2014-05-30 11:56:11'),
	(332,'Nicole Truman','iPhone 4S ocsico','2014-05-30 11:50:32','2014-05-30 11:52:56'),
	(333,'Nicole Truman','iPhone 4S ocsico','2014-05-30 11:55:28','2014-05-30 12:02:01'),
	(334,'Nicole Truman','iPhone 4S ocsico','2014-05-30 12:02:10','2014-05-30 12:06:36'),
	(335,'Tanya Beckman','PowerSlam IPad Air','2014-05-30 12:02:12','2014-05-30 12:05:59'),
	(336,'admin',NULL,'2014-05-30 12:33:12','2014-05-30 12:46:56'),
	(337,'admin',NULL,'2014-05-30 15:04:12','2014-06-02 21:39:25'),
	(338,'Tanya Beckman','iPhone 4S ocsico','2014-05-30 15:04:56','2014-05-30 20:22:48'),
	(339,'Nicole Truman','iPhone 4S ocsico','2014-05-30 19:40:58','2014-05-30 19:41:10'),
	(340,'Nicole Truman','iPhone 4S ocsico','2014-05-30 19:41:15','2014-05-30 20:02:14'),
	(341,'Nicole Truman','iPhone 4S ocsico','2014-05-30 20:02:14','2014-05-30 20:22:53'),
	(342,'Tanya Beckman','iPhone 4 ocsico','2014-05-30 20:22:48','2014-05-30 20:23:02'),
	(343,'Nicole Truman','iPhone 4S ocsico','2014-05-30 20:22:53','2014-05-30 20:23:00'),
	(344,'Nicole Truman','iPhone 4S ocsico','2014-05-30 20:23:06','2014-05-30 20:24:07'),
	(345,'Tanya Beckman','iPhone 4 ocsico','2014-05-30 20:23:10','2014-05-30 20:24:08'),
	(346,'Tanya Beckman','iPhone 4S ocsico','2014-05-30 20:24:17','2014-05-30 20:26:22'),
	(347,'Nicole Truman','iPhone 4 ocsico','2014-05-30 20:24:22','2014-05-30 20:26:21'),
	(348,'Nicole Truman','iPhone 4S ocsico','2014-05-30 20:26:30','2014-05-30 20:27:05'),
	(349,'Tanya Beckman','iPhone 4 ocsico','2014-05-30 20:26:35','2014-05-30 20:27:06'),
	(350,'Tanya Beckman','iPhone 4S ocsico','2014-05-30 20:27:14','2014-05-30 20:56:51'),
	(351,'Nicole Truman','iPhone 4 ocsico','2014-05-30 20:27:18','2014-05-30 20:56:33'),
	(352,'Greg Robertson','Greg\'s iPod','2014-05-30 20:53:45','2014-06-02 21:35:28'),
	(353,'Nicole Truman','iPhone 4S ocsico','2014-05-30 20:56:33','2014-05-30 20:58:28'),
	(354,'Tanya Beckman','iPhone 4 ocsico','2014-05-30 20:56:51','2014-05-30 20:58:30'),
	(355,'Nicole Truman','iPhone 4S ocsico','2014-05-31 13:15:40','2014-06-02 17:56:50'),
	(356,'Tanya Beckman','iPhone 4 ocsico','2014-05-31 13:15:45','2014-06-02 17:59:18'),
	(357,'Nicole Truman','Simulator 4 inch iOS 7.1','2014-06-02 17:56:50','2014-06-02 19:39:16'),
	(358,'Tanya Beckman','iPhone 4 ocsico','2014-06-02 17:59:18','2014-06-02 18:01:13'),
	(359,'Tanya Beckman','9F66','2014-06-02 18:01:13','2014-06-02 18:02:14'),
	(360,'Tanya Beckman','iPhone 4 ocsico','2014-06-02 18:02:14','2014-06-02 19:39:23'),
	(361,'Nicole Truman','iPhone 4 ocsico','2014-06-02 19:39:16','2014-06-02 19:42:10'),
	(362,'Tanya Beckman','9F66','2014-06-02 19:39:23','2014-06-02 19:41:57'),
	(363,'Nicole Truman','9F66','2014-06-02 19:42:10','2014-06-03 15:12:04'),
	(364,'Tanya Beckman','iPhone 4 ocsico','2014-06-02 19:42:37','2014-06-03 15:05:29'),
	(365,'Greg Robertson','Greg\'s iPhone','2014-06-02 21:35:28','2014-06-02 21:36:16'),
	(366,'Greg Robertson','Greg\'s iPhone','2014-06-02 21:36:22','2014-06-02 21:37:49'),
	(367,'Greg Robertson','Greg\'s iPhone','2014-06-02 21:37:56','2014-06-02 21:40:19'),
	(368,'admin',NULL,'2014-06-02 21:39:39','2014-06-02 21:40:26'),
	(369,'Greg Robertson','Greg\'s iPhone','2014-06-02 23:55:00','2014-06-03 15:54:38'),
	(370,'admin',NULL,'2014-06-03 01:53:01','2014-06-04 21:36:59'),
	(371,'Tanya Beckman','Ipad ocsico','2014-06-03 15:05:29','2014-06-03 15:17:51'),
	(372,'Nicole Truman','iPhone 4 ocsico','2014-06-03 15:12:04','2014-06-03 15:17:37'),
	(373,'Nicole Truman','iPhone 4 ocsico','2014-06-03 15:17:37','2014-06-03 15:50:22'),
	(374,'Tanya Beckman','Simulator 4 inch iOS 7.1','2014-06-03 15:17:51','2014-06-03 15:58:11'),
	(375,'useruser','Ipad ocsico','2014-06-03 15:20:50','2014-06-03 15:53:01'),
	(376,'Nicole Truman','iPhone 4 ocsico','2014-06-03 15:50:22','2014-06-03 15:54:04'),
	(377,'useruser','Ipad ocsico','2014-06-03 15:53:01','2014-06-03 15:53:44'),
	(378,'Nicole Truman','Ipad ocsico','2014-06-03 15:54:04','2014-06-03 15:54:52'),
	(379,'Nicole Truman','iPhone 4 ocsico','2014-06-03 15:54:52','2014-06-03 15:56:38'),
	(380,'useruser','Ipad ocsico','2014-06-03 15:55:00','2014-06-03 15:56:25'),
	(381,'Nicole Truman','Ipad ocsico','2014-06-03 15:56:38','2014-06-03 15:57:22'),
	(382,'useruser','Ipad ocsico','2014-06-03 15:57:28','2014-06-03 15:57:58'),
	(383,'Tanya Beckman','Ipad ocsico','2014-06-03 15:58:11','2014-06-03 18:05:25'),
	(384,'Nicole Truman','iPhone 4 ocsico','2014-06-03 15:59:14','2014-06-03 18:04:31'),
	(385,'useruser','Ipad ocsico','2014-06-03 16:01:14','2014-06-03 16:02:12'),
	(386,'Bo','iPad mini','2014-06-03 16:04:31','2014-06-03 16:04:45'),
	(387,'useruser','iPad mini','2014-06-03 16:04:52','2014-06-04 14:11:00'),
	(388,'Bo','iPad mini','2014-06-03 17:39:53','2014-06-03 17:40:00'),
	(389,'Bo','iPad mini','2014-06-03 17:40:05','2014-06-03 17:40:13'),
	(390,'Bo','iPad mini','2014-06-03 17:40:18','2014-06-03 17:40:21'),
	(391,'Bo','iPad mini','2014-06-03 17:40:25','2014-06-03 17:40:32'),
	(392,'Bo','iPad mini','2014-06-03 17:40:36','2014-06-03 17:40:40'),
	(393,'Bo','iPad mini','2014-06-03 17:40:45','2014-06-03 17:40:55'),
	(394,'Bo','iPad mini','2014-06-03 17:40:59','2014-06-03 17:41:03'),
	(395,'Bo','iPad mini','2014-06-03 17:41:07','2014-06-04 14:10:50'),
	(396,'Nicole Truman','iPhone 4 ocsico','2014-06-03 18:04:31','2014-06-03 18:05:19'),
	(397,'Tanya Beckman','iPhone 4 ocsico','2014-06-03 18:05:26','2014-06-03 18:06:03'),
	(398,'Nicole Truman','iPhone 4 ocsico','2014-06-03 18:06:12','2014-06-04 16:33:33'),
	(399,'Greg Robertson','Greg\'s iPhone','2014-06-04 08:37:14','2014-06-04 08:46:27'),
	(400,'Greg Robertson','EM09','2014-06-04 08:51:44','2014-06-04 09:10:23'),
	(401,'Bo','9F66','2014-06-04 14:10:50','2014-06-04 14:11:52'),
	(402,'useruser','iPhone 4 ocsico','2014-06-04 14:11:00','2014-06-04 14:12:08'),
	(403,'Bo','9F66','2014-06-04 14:11:57','2014-06-04 14:12:08'),
	(404,'useruser','iPhone 4 ocsico','2014-06-04 14:12:16','2014-06-04 14:12:27'),
	(405,'Bo','9F66','2014-06-04 14:12:17','2014-06-04 14:12:27'),
	(406,'useruser','iPhone 4 ocsico','2014-06-04 14:12:33','2014-06-04 14:12:46'),
	(407,'Bo','9F66','2014-06-04 14:12:35','2014-06-04 14:12:46'),
	(408,'Bo','9F66','2014-06-04 14:12:53','2014-06-04 14:12:59'),
	(409,'useruser','iPhone 4 ocsico','2014-06-04 14:12:54','2014-06-04 14:12:59'),
	(410,'Bo','9F66','2014-06-04 14:13:05','2014-06-04 14:13:13'),
	(411,'useruser','iPhone 4 ocsico','2014-06-04 14:13:05','2014-06-04 14:13:13'),
	(412,'Bo','9F66','2014-06-04 14:13:19','2014-06-04 14:13:49'),
	(413,'useruser','iPhone 4 ocsico','2014-06-04 14:13:28','2014-06-04 14:13:49'),
	(414,'useruser','iPhone 4 ocsico','2014-06-04 14:13:55','2014-06-04 14:14:03'),
	(415,'Bo','9F66','2014-06-04 14:13:56','2014-06-04 14:14:03'),
	(416,'Bo','9F66','2014-06-04 14:14:09','2014-06-04 14:14:46'),
	(417,'useruser','iPhone 4 ocsico','2014-06-04 14:14:10','2014-06-04 14:14:46'),
	(418,'Bo','9F66','2014-06-04 14:14:54','2014-06-04 14:15:07'),
	(419,'useruser','iPhone 4 ocsico','2014-06-04 14:14:54','2014-06-04 14:15:07'),
	(420,'Bo','9F66','2014-06-04 14:15:16','2014-06-04 14:15:33'),
	(421,'useruser','iPhone 4 ocsico','2014-06-04 14:15:16','2014-06-04 14:15:32'),
	(422,'Bo','9F66','2014-06-04 14:15:39','2014-06-04 15:39:05'),
	(423,'useruser','iPhone 4 ocsico','2014-06-04 14:15:39','2014-06-04 15:39:04'),
	(424,'useruser','iPhone 4 ocsico','2014-06-04 15:39:04','2014-06-04 15:39:17'),
	(425,'Bo','9F66','2014-06-04 15:39:05','2014-06-04 15:39:18'),
	(426,'useruser','iPhone 4 ocsico','2014-06-04 15:39:26','2014-06-04 15:39:48'),
	(427,'Bo','9F66','2014-06-04 15:39:26','2014-06-04 15:39:48'),
	(428,'useruser','iPhone 4 ocsico','2014-06-04 15:39:54','2014-06-04 15:40:10'),
	(429,'Bo','9F66','2014-06-04 15:39:54','2014-06-04 15:40:10'),
	(430,'useruser','iPhone 4 ocsico','2014-06-04 15:40:17','2014-06-04 15:40:33'),
	(431,'Bo','9F66','2014-06-04 15:40:17','2014-06-04 15:40:32'),
	(432,'useruser','iPhone 4 ocsico','2014-06-04 15:40:39','2014-06-04 15:41:10'),
	(433,'Bo','9F66','2014-06-04 15:40:40','2014-06-04 15:41:10'),
	(434,'useruser','iPhone 4 ocsico','2014-06-04 15:41:17','2014-06-04 15:41:25'),
	(435,'Bo','9F66','2014-06-04 15:41:17','2014-06-04 15:41:25'),
	(436,'useruser','iPhone 4 ocsico','2014-06-04 15:41:32','2014-06-04 15:45:21'),
	(437,'Bo','9F66','2014-06-04 15:41:32','2014-06-04 15:45:21'),
	(438,'useruser','iPhone 4 ocsico','2014-06-04 15:45:27','2014-06-04 15:45:33'),
	(439,'Bo','9F66','2014-06-04 15:45:27','2014-06-04 15:45:33'),
	(440,'useruser','iPhone 4 ocsico','2014-06-04 15:45:42','2014-06-04 15:45:53'),
	(441,'Bo','9F66','2014-06-04 15:45:43','2014-06-04 15:45:53'),
	(442,'useruser','iPhone 4 ocsico','2014-06-04 15:46:01','2014-06-04 16:00:06'),
	(443,'Bo','9F66','2014-06-04 15:46:01','2014-06-04 16:00:08'),
	(444,'Tanya Beckman','iPad ocsico','2014-06-04 16:32:58','2014-06-04 16:38:06'),
	(445,'Nicole Truman','Simulator 4 inch iOS 7.1','2014-06-04 16:33:33','2014-06-06 12:17:04'),
	(446,'Tanya Beckman','iPad ocsico','2014-06-04 16:38:06','2014-06-05 09:58:54'),
	(447,'Greg Robertson','Greg\'s iPhone','2014-06-04 18:44:49','2014-06-04 20:05:08'),
	(448,'Greg Robertson','EM08','2014-06-04 20:05:08','2014-06-05 19:57:11'),
	(449,'admin',NULL,'2014-06-05 00:27:00','2014-06-05 10:39:43'),
	(450,'Bo','iPhone 4 ocsico','2014-06-05 09:51:49','2014-06-05 09:52:05'),
	(451,'Bo','iPhone 4 ocsico','2014-06-05 09:52:10','2014-06-05 09:52:27'),
	(452,'Bo','iPhone 4 ocsico','2014-06-05 09:52:32','2014-06-05 09:52:42'),
	(453,'Bo','iPhone 4 ocsico','2014-06-05 09:52:47','2014-06-05 09:53:00'),
	(454,'Bo','iPhone 4 ocsico','2014-06-05 09:53:04','2014-06-05 09:53:11'),
	(455,'Bo','iPhone 4 ocsico','2014-06-05 09:53:29','2014-06-05 09:53:53'),
	(456,'Bo','iPhone 4 ocsico','2014-06-05 09:53:58','2014-06-05 09:54:06'),
	(457,'Bo','iPhone 4 ocsico','2014-06-05 09:54:11','2014-06-05 09:54:22'),
	(458,'useruser','iPhone 4 ocsico','2014-06-05 09:54:40','2014-06-05 09:54:50'),
	(459,'useruser','iPhone 4 ocsico','2014-06-05 09:54:55','2014-06-05 09:55:03'),
	(460,'useruser','iPhone 4 ocsico','2014-06-05 09:55:08','2014-06-05 09:55:20'),
	(461,'useruser','iPhone 4 ocsico','2014-06-05 09:55:26','2014-06-05 09:55:34'),
	(462,'useruser','iPhone 4 ocsico','2014-06-05 09:55:40','2014-06-05 09:55:48'),
	(463,'useruser','iPhone 4 ocsico','2014-06-05 09:55:53','2014-06-05 09:56:00'),
	(464,'useruser','iPhone 4 ocsico','2014-06-05 09:56:09','2014-06-05 09:56:28'),
	(465,'useruser','iPhone 4 ocsico','2014-06-05 09:56:33','2014-06-05 09:56:40'),
	(466,'useruser','iPhone 4 ocsico','2014-06-05 09:56:46','2014-06-05 09:56:52'),
	(467,'useruser','iPhone 4 ocsico','2014-06-05 09:57:05','2014-06-05 09:57:22'),
	(468,'useruser','iPhone 4 ocsico','2014-06-05 09:57:27','2014-06-05 09:57:34'),
	(469,'useruser','iPhone 4 ocsico','2014-06-05 09:57:41','2014-06-05 09:57:49'),
	(470,'Tanya Beckman','iPad ocsico','2014-06-05 09:58:59','2014-06-05 09:59:22'),
	(471,'Tanya Beckman','iPad ocsico','2014-06-05 09:59:26','2014-06-05 10:00:08'),
	(472,'Tanya Beckman','iPad ocsico','2014-06-05 10:00:13','2014-06-05 10:00:26'),
	(473,'Tanya Beckman','iPad ocsico','2014-06-05 10:00:33','2014-06-05 10:00:46'),
	(474,'Bo','iPad ocsico','2014-06-05 10:01:00','2014-06-05 10:01:33'),
	(475,'Bo','iPad ocsico','2014-06-05 10:01:38','2014-06-05 10:01:59'),
	(476,'Bo','iPad ocsico','2014-06-05 10:25:11','2014-06-05 10:25:26'),
	(477,'Bo','iPad ocsico','2014-06-05 10:25:33','2014-06-05 10:25:37'),
	(478,'Bo','iPad ocsico','2014-06-05 10:25:43','2014-06-05 10:32:04'),
	(479,'Bo','iPad ocsico','2014-06-05 10:32:09','2014-06-05 10:32:13'),
	(480,'Bo','iPad ocsico','2014-06-05 10:32:17','2014-06-05 10:32:26'),
	(481,'Bo','iPad ocsico','2014-06-05 10:32:31','2014-06-05 10:32:40'),
	(482,'Bo','iPad ocsico','2014-06-05 10:32:45','2014-06-05 10:32:50'),
	(483,'Bo','iPad ocsico','2014-06-05 10:32:54','2014-06-05 10:32:59'),
	(484,'Bo','iPad ocsico','2014-06-05 10:33:03','2014-06-05 10:33:46'),
	(485,'Bo','iPad ocsico','2014-06-05 10:33:52','2014-06-05 10:35:13'),
	(486,'Bo','iPad ocsico','2014-06-05 10:35:17','2014-06-05 10:35:43'),
	(487,'Bo','iPad ocsico','2014-06-05 10:35:48','2014-06-05 10:36:03'),
	(488,'Bo','iPad ocsico','2014-06-05 10:36:07','2014-06-05 10:51:28'),
	(489,'Bo','iPad ocsico','2014-06-05 10:51:33','2014-06-05 10:54:29'),
	(490,'Bo','iPad ocsico','2014-06-05 10:54:33','2014-06-05 10:54:44'),
	(491,'Bo','iPad ocsico','2014-06-05 10:54:49','2014-06-05 10:55:48'),
	(492,'Bo','iPad ocsico','2014-06-05 10:55:52','2014-06-05 10:55:56'),
	(493,'Bo','iPad ocsico','2014-06-05 10:56:01','2014-06-05 10:56:10'),
	(494,'Bo','iPad ocsico','2014-06-05 11:39:45','2014-06-05 11:40:10'),
	(495,'Bo','iPad ocsico','2014-06-05 11:40:20','2014-06-05 11:41:06'),
	(496,'Bo','iPad ocsico','2014-06-05 11:41:12','2014-06-05 11:41:45'),
	(497,'Bo','iPad ocsico','2014-06-05 11:41:50','2014-06-05 11:42:04'),
	(498,'Bo','iPad ocsico','2014-06-05 11:42:09','2014-06-05 11:42:14'),
	(499,'Bo','iPad ocsico','2014-06-05 11:42:31','2014-06-05 11:42:44'),
	(500,'Bo','iPad ocsico','2014-06-05 11:42:51','2014-06-05 11:43:29'),
	(501,'Bo','iPad ocsico','2014-06-05 11:43:33','2014-06-05 13:06:39'),
	(502,'Bo','iPad ocsico','2014-06-05 13:06:43','2014-06-18 14:55:55'),
	(503,'admin',NULL,'2014-06-05 15:54:03','2014-06-13 12:54:25'),
	(504,'Greg Robertson','Greg\'s iPhone','2014-06-05 19:57:11','2014-06-06 23:21:40'),
	(505,'Nicole Truman','iPhone 4 ocsico','2014-06-06 12:17:04','2014-06-06 15:03:48'),
	(506,'Greg Robertson','Greg\'s iPhone','2014-06-06 23:21:40','2014-06-06 23:33:07'),
	(507,'Greg Robertson','Greg\'s iPhone','2014-06-06 23:33:21','2014-06-06 23:34:10'),
	(508,'Greg Robertson','Greg\'s iPhone','2014-06-06 23:34:18','2014-06-07 02:26:57'),
	(509,'Greg Robertson','Greg\'s iPhone','2014-06-07 02:27:27','2014-06-07 02:48:57'),
	(510,'Greg Robertson','Greg\'s iPhone','2014-06-07 02:49:05','2014-06-13 04:47:44'),
	(511,'Tanya Beckman','PowerSlam IPad Air','2014-06-13 02:20:56','2014-06-13 02:22:18'),
	(512,'Tanya Beckman','PowerSlam IPad Air','2014-06-13 02:23:53','2014-06-13 02:28:32'),
	(513,'Greg Robertson','Greg\'s iPhone','2014-06-13 04:47:44','2014-06-13 04:48:28'),
	(514,'Greg Robertson','Greg\'s iPhone','2014-06-13 04:48:34','2014-06-13 06:40:25'),
	(515,'admin',NULL,'2014-06-13 20:26:54','2014-06-13 20:27:12'),
	(516,'Greg Bertagnoli','iPad ocsico','2014-06-17 13:16:28','2014-06-17 13:16:33'),
	(517,'Tanya Beckman','iPad ocsico','2014-06-17 13:17:11','2014-06-17 13:22:10'),
	(518,'admin',NULL,'2014-06-17 13:17:27','2014-06-17 13:46:49'),
	(519,'Tanya Beckman','9F66','2014-06-17 13:22:10','2014-06-17 13:22:29'),
	(520,'Tanya Beckman','iPad ocsico','2014-06-17 13:22:29','2014-06-17 13:22:39'),
	(521,'Tanya Beckman','9F66','2014-06-17 13:22:39','2014-06-17 13:32:53'),
	(522,'Steve Redeker','iPad ocsico','2014-06-17 13:25:54','2014-06-17 13:32:45'),
	(523,'Steve Redeker','iPad ocsico','2014-06-17 13:32:51','2014-06-25 22:46:58'),
	(524,'Tanya Beckman','9F66','2014-06-17 13:32:59','2014-06-17 13:33:02'),
	(525,'admin',NULL,'2014-06-17 13:47:10','2014-06-26 12:53:22'),
	(526,'Bo','iPad ocsico','2014-06-18 14:55:55','2014-06-18 15:26:00'),
	(527,'Bo','iPad ocsico','2014-06-18 15:26:05','2014-06-18 15:26:07'),
	(528,'Bo','iPad ocsico','2014-06-18 15:26:12','2014-06-18 15:26:23'),
	(529,'Bo','iPad ocsico','2014-06-18 15:26:28','2014-06-18 15:27:06'),
	(530,'Bo','iPad ocsico','2014-06-18 15:27:11','2014-06-18 15:31:11'),
	(531,'Bo','iPad ocsico','2014-06-18 15:31:16','2014-06-27 13:58:17'),
	(532,'Tanya Beckman','PowerSlam IPad Air','2014-06-20 11:49:53','2014-06-20 11:54:50'),
	(533,'Tanya Beckman','PowerSlam IPad Air','2014-06-22 10:22:23','2014-06-22 10:22:35'),
	(534,'useruser','9F66','2014-06-24 16:07:08','2014-06-26 12:02:33'),
	(535,'Steve Redeker','Steve Redeker Handset','2014-06-25 22:46:58','2014-06-27 14:12:17'),
	(536,'Kirt Graves','Kirt iPad','2014-06-25 22:48:05','2014-06-27 19:05:10'),
	(537,'useruser','iPad ocsico','2014-06-26 12:02:33','2014-06-26 12:07:45'),
	(538,'useruser','9F66','2014-06-26 12:07:45','2014-06-26 12:16:38'),
	(539,'useruser','iPad ocsico','2014-06-26 12:16:38','2014-06-27 13:53:03'),
	(540,'Tanya Beckman','9F66','2014-06-26 12:21:30','2014-06-27 12:08:52'),
	(541,'admin',NULL,'2014-06-26 16:30:15','2014-07-02 07:19:27'),
	(542,'Tanya Beckman','iPad ocsico','2014-06-27 12:08:52','2014-06-27 13:52:47'),
	(543,'Tanya Beckman','iPad ocsico','2014-06-27 13:52:47','2014-06-27 13:52:57'),
	(544,'useruser','iPad ocsico','2014-06-27 13:53:03','2014-06-27 13:53:15'),
	(545,'Bo','9F66','2014-06-27 13:58:17','2014-06-27 13:59:35'),
	(546,'Nicole Truman','iPad ocsico','2014-06-27 13:58:57','2014-06-27 14:32:52'),
	(547,'Craig Patnode','9F66','2014-06-27 13:59:40','2014-06-27 13:59:46'),
	(548,'Tanya Beckman','9F66','2014-06-27 13:59:55','2014-06-27 13:59:59'),
	(549,'useruser','9F66','2014-06-27 14:00:05','2014-06-27 14:00:10'),
	(550,'useruser','9F66','2014-06-27 14:00:49','2014-06-27 14:02:22'),
	(551,'Vasilii Kasnitski','9F66','2014-06-27 14:08:01','2014-06-27 14:08:05'),
	(552,'Vasilii Kasnitski','9F66','2014-06-27 14:08:11','2014-06-27 14:11:24'),
	(553,'test-test','9F66','2014-06-27 14:11:36','2014-06-27 14:12:06'),
	(554,'Steve Redeker','9F66','2014-06-27 14:12:17','2014-06-27 14:12:36'),
	(555,'Craig Patnode','9F66','2014-06-27 14:12:50','2014-06-27 14:13:54'),
	(556,'Tanya Beckman','9F66','2014-06-27 14:14:01','2014-06-27 14:28:17'),
	(557,'Vasilii Kasnitski','iPad ocsico','2014-06-27 14:31:29','2014-06-27 16:12:09'),
	(558,'Nicole Truman','9F66','2014-06-27 14:32:52','2014-06-27 15:33:20'),
	(559,'Tanya Beckman','9F66','2014-06-27 16:11:29','2014-06-27 16:15:44'),
	(560,'Vasilii Kasnitski','iPad ocsico','2014-06-27 16:12:09','2014-06-27 16:14:10'),
	(561,'useruser','iPad ocsico','2014-06-27 16:14:18','2014-06-27 16:14:21'),
	(562,'Nicole Truman','iPad ocsico','2014-06-27 16:14:29','2014-06-27 16:15:46'),
	(563,'Steve Redeker','Steve Redeker Handset','2014-06-27 16:49:22','2014-07-02 15:14:44'),
	(564,'Vasilii Kasnitski','iPad ocsico','2014-06-30 14:31:40','2014-06-30 14:33:36'),
	(565,'Tanya Beckman','9F66','2014-06-30 14:32:41','2014-06-30 14:33:19'),
	(566,'Nicole Truman','9F66','2014-06-30 14:33:27','2014-07-01 11:34:11'),
	(567,'Tanya Beckman','iPad ocsico','2014-06-30 14:33:43','2014-07-01 11:32:24'),
	(568,'Tanya Beckman','PowerSlam IPad Air','2014-07-01 11:32:24','2014-07-01 11:33:58'),
	(569,'Nicole Truman','PowerSlam IPad Air','2014-07-01 11:34:11','2014-07-01 11:34:52'),
	(570,'Nicole Truman','PowerSlam IPad Air','2014-07-01 11:35:48','2014-07-01 11:36:47'),
	(571,'Greg Robertson','CKH1','2014-07-02 07:03:59','2014-07-02 07:06:17'),
	(572,'Greg Bertagnoli','CKH2','2014-07-02 07:04:07','2014-07-02 07:06:14'),
	(573,'Greg Robertson','CKH1','2014-07-02 07:06:31','2014-07-02 07:18:43'),
	(574,'Greg Bertagnoli','CKH2','2014-07-02 07:08:12','2014-07-02 07:11:18'),
	(575,'Greg Bertagnoli','CKH2','2014-07-02 07:11:24','2014-07-02 07:11:34'),
	(576,'Greg Bertagnoli','CKH2','2014-07-02 07:13:59','2014-07-02 07:14:52'),
	(577,'Greg Bertagnoli','CKH2','2014-07-02 07:14:57','2014-07-02 07:15:31'),
	(578,'Greg Bertagnoli','CKH2','2014-07-02 07:15:36','2014-07-02 07:18:45'),
	(579,'admin',NULL,'2014-07-02 09:23:47','2014-07-02 16:30:49'),
	(580,'Tanya Beckman','9F66','2014-07-02 11:22:51','2014-07-02 12:56:09'),
	(581,'useruser','NTS','2014-07-02 12:55:39','2014-07-02 12:56:10'),
	(582,'test-test','9F66','2014-07-02 12:55:54','2014-07-02 16:29:48'),
	(583,'Tanya Beckman','iPad ocsico','2014-07-02 12:56:09','2014-07-02 13:01:21'),
	(584,'Nicole Truman','NTS','2014-07-02 12:56:31','2014-07-02 16:37:09'),
	(585,'Tanya Beckman','iPad ocsico','2014-07-02 13:01:34','2014-07-02 15:00:07'),
	(586,'Tanya Beckman','iPad ocsico','2014-07-02 15:02:38','2014-07-02 15:02:53'),
	(587,'Steve Redeker','Steve Redeker Handset','2014-07-02 15:14:52','2014-07-07 20:17:21'),
	(588,'Tanya Beckman','iPad ocsico','2014-07-02 16:17:33','2014-07-02 16:23:03'),
	(589,'Tanya Beckman','iPad ocsico','2014-07-02 16:23:21','2014-07-02 16:35:30'),
	(590,'test-test','9F66','2014-07-02 16:29:55','2014-07-08 15:39:09'),
	(591,'Tanya Beckman','iPad ocsico','2014-07-02 16:35:35','2014-07-02 17:53:35'),
	(592,'Nicole Truman','9F66','2014-07-02 16:37:09','2014-07-02 17:53:51'),
	(593,'admin',NULL,'2014-07-02 16:37:28','2014-07-28 23:34:53'),
	(594,'Greg Robertson','CKH1','2014-07-02 17:03:45','2014-07-02 17:47:13'),
	(595,'Greg Bertagnoli','CKH2','2014-07-02 17:03:58','2014-07-02 17:47:16'),
	(596,'Nicole Truman','iPad ocsico','2014-07-02 17:53:51','2014-07-07 09:49:52'),
	(597,'Nicole Truman','9F66','2014-07-07 09:49:52','2014-07-07 10:13:15'),
	(598,'Vasilii Kasnitski','9F66','2014-07-07 10:03:56','2014-07-07 10:11:53'),
	(599,'Tanya Beckman','9F66','2014-07-07 10:12:12','2014-07-07 10:32:41'),
	(600,'Nicole Truman','iPad ocsico','2014-07-07 10:13:15','2014-07-07 10:31:32'),
	(601,'Nicole Truman','iPad ocsico','2014-07-07 10:31:39','2014-07-07 10:53:24'),
	(602,'Tanya Beckman','9F66','2014-07-07 10:32:46','2014-07-07 10:34:45'),
	(603,'Tanya Beckman','9F66','2014-07-07 10:34:50','2014-07-07 10:53:23'),
	(604,'Nicole Truman','iPad ocsico','2014-07-07 10:53:32','2014-07-08 10:05:31'),
	(605,'Tanya Beckman','9F66','2014-07-07 10:53:33','2014-07-07 19:37:39'),
	(606,'Tanya Beckman','Apple','2014-07-07 19:37:39','2014-07-08 10:05:20'),
	(607,'Steve Redeker','Steve Redeker Handset','2014-07-07 20:17:34','2014-07-07 20:20:33'),
	(608,'Nicole Truman','iPad ocsico','2014-07-08 10:05:31','2014-07-08 10:05:43'),
	(609,'Tanya Beckman','Apple','2014-07-08 10:05:31','2014-07-08 10:05:44'),
	(610,'Nicole Truman','iPad ocsico','2014-07-08 10:06:00','2014-07-08 10:06:06'),
	(611,'Tanya Beckman','Apple','2014-07-08 10:06:01','2014-07-08 10:06:06'),
	(612,'Nicole Truman','iPad ocsico','2014-07-08 10:06:11','2014-07-08 10:06:17'),
	(613,'Tanya Beckman','Apple','2014-07-08 10:06:12','2014-07-08 10:06:18'),
	(614,'Nicole Truman','iPad ocsico','2014-07-08 10:06:22','2014-07-08 10:06:33'),
	(615,'Tanya Beckman','Apple','2014-07-08 10:06:23','2014-07-08 10:06:34'),
	(616,'Nicole Truman','iPad ocsico','2014-07-08 10:06:39','2014-07-08 10:06:52'),
	(617,'Tanya Beckman','Apple','2014-07-08 10:06:39','2014-07-08 10:06:52'),
	(618,'Nicole Truman','iPad ocsico','2014-07-08 10:06:57','2014-07-08 10:07:20'),
	(619,'Tanya Beckman','Apple','2014-07-08 10:06:57','2014-07-08 10:07:20'),
	(620,'Nicole Truman','iPad ocsico','2014-07-08 10:07:25','2014-07-08 10:07:29'),
	(621,'Tanya Beckman','Apple','2014-07-08 10:07:25','2014-07-08 10:07:29'),
	(622,'Nicole Truman','iPad ocsico','2014-07-08 10:08:13','2014-07-08 10:08:30'),
	(623,'Nicole Truman','Apple','2014-07-08 10:08:30','2014-07-08 10:08:44'),
	(624,'Nicole Truman','iPad ocsico','2014-07-08 10:08:44','2014-07-08 10:08:56'),
	(625,'Nicole Truman','Apple','2014-07-08 10:08:56','2014-07-08 15:11:59'),
	(626,'Tanya Beckman','iPad ocsico','2014-07-08 10:09:34','2014-07-09 10:53:56'),
	(627,'Vasilii Kasnitski','9F66','2014-07-08 12:49:55','2014-07-08 17:21:32'),
	(628,'Nicole Truman','PowerSlam IPad Air','2014-07-08 15:11:59','2014-07-08 15:13:56'),
	(629,'Nicole Truman','Apple','2014-07-08 15:21:25','2014-07-08 17:23:24'),
	(630,'Kirt Graves','iPad ocsico','2014-07-08 15:26:54','2014-07-08 15:27:37'),
	(631,'Kirt Graves','iPad ocsico','2014-07-08 15:27:42','2014-07-08 15:39:00'),
	(632,'test-test','iPad ocsico','2014-07-08 15:39:09','2014-07-08 15:41:43'),
	(633,'test-test','iPad ocsico','2014-07-08 15:41:49','2014-07-08 16:09:18'),
	(634,'test-test','iPad ocsico','2014-07-08 16:09:18','2014-07-08 17:25:39'),
	(635,'Vasilii Kasnitski','PowerSlam IPad Air','2014-07-08 17:21:32','2014-07-08 17:23:39'),
	(636,'Vasilii Kasnitski','Apple','2014-07-08 17:23:39','2014-07-08 17:26:20'),
	(637,'test-test','PowerSlam IPad Air','2014-07-08 17:25:40','2014-07-09 10:17:13'),
	(638,'Vasilii Kasnitski','Apple','2014-07-08 17:27:47','2014-07-08 17:29:24'),
	(639,'Vasilii Kasnitski','Apple','2014-07-08 17:29:24','2014-07-08 17:38:58'),
	(640,'Vasilii Kasnitski','PowerSlam IPad Air','2014-07-08 17:38:58','2014-07-08 17:48:04'),
	(641,'Vasilii Kasnitski','Apple','2014-07-09 10:02:24','2014-07-09 10:35:29'),
	(642,'useruser','Apple','2014-07-09 10:04:55','2014-07-09 10:53:14'),
	(643,'test-test','Apple','2014-07-09 10:17:13','2014-07-09 10:35:10'),
	(644,'test-test','iPad ocsico','2014-07-09 10:35:27','2014-07-09 10:38:25'),
	(645,'Vasilii Kasnitski','Apple','2014-07-09 10:35:30','2014-07-09 10:37:00'),
	(646,'Vasilii Kasnitski','Apple','2014-07-09 10:37:14','2014-07-09 10:39:37'),
	(647,'test-test','iPad ocsico','2014-07-09 10:38:25','2014-07-09 10:38:32'),
	(648,'test-test','iPad ocsico','2014-07-09 10:38:32','2014-07-09 10:38:33'),
	(649,'test-test','iPad ocsico','2014-07-09 10:38:33','2014-07-09 10:38:33'),
	(650,'test-test','iPad ocsico','2014-07-09 10:38:33','2014-07-09 10:38:52'),
	(651,'test-test','iPad ocsico','2014-07-09 10:38:52','2014-07-09 10:39:50'),
	(652,'test-test','Apple','2014-07-09 10:39:50','2014-07-09 10:39:55'),
	(653,'test-test','iPad ocsico','2014-07-09 10:39:59','2014-07-09 10:40:52'),
	(654,'Vasilii Kasnitski','Apple','2014-07-09 10:40:11','2014-07-09 10:40:44'),
	(655,'test-test','Apple','2014-07-09 10:40:52','2014-07-09 10:41:15'),
	(656,'test-test','iPad ocsico','2014-07-09 10:41:21','2014-07-09 10:43:18'),
	(657,'Vasilii Kasnitski','Apple','2014-07-09 10:41:26','2014-07-09 10:42:42'),
	(658,'Vasilii Kasnitski','Apple','2014-07-09 10:42:55','2014-07-09 10:43:10'),
	(659,'test-test','Apple','2014-07-09 10:43:18','2014-07-09 10:44:04'),
	(660,'test-test','iPad ocsico','2014-07-09 10:44:13','2014-07-09 10:44:37'),
	(661,'Vasilii Kasnitski','Apple','2014-07-09 10:44:19','2014-07-09 10:44:29'),
	(662,'test-test','Apple','2014-07-09 10:44:37','2014-07-09 10:44:43'),
	(663,'test-test','Apple','2014-07-09 10:44:47','2014-07-09 10:44:50'),
	(664,'test-test','Apple','2014-07-09 10:44:54','2014-07-09 10:45:00'),
	(665,'test-test','Apple','2014-07-09 10:45:05','2014-07-09 10:45:12'),
	(666,'test-test','Apple','2014-07-09 10:45:18','2014-07-09 10:45:27'),
	(667,'test-test','iPad ocsico','2014-07-09 10:45:31','2014-07-09 10:49:43'),
	(668,'Vasilii Kasnitski','Apple','2014-07-09 10:45:38','2014-07-09 10:49:12'),
	(669,'Vasilii Kasnitski','Apple','2014-07-09 10:49:16','2014-07-09 10:49:22'),
	(670,'Vasilii Kasnitski','Apple','2014-07-09 10:49:26','2014-07-09 10:49:34'),
	(671,'test-test','Apple','2014-07-09 10:49:43','2014-07-09 10:49:53'),
	(672,'test-test','iPad ocsico','2014-07-09 10:49:58','2014-07-09 13:12:10'),
	(673,'Vasilii Kasnitski','Apple','2014-07-09 10:50:05','2014-07-09 10:53:42'),
	(674,'useruser','iPad ocsico','2014-07-09 10:53:14','2014-07-09 10:53:29'),
	(675,'Vasilii Kasnitski','iPad ocsico','2014-07-09 10:53:51','2014-07-09 10:54:04'),
	(676,'Tanya Beckman','Apple','2014-07-09 10:53:56','2014-07-09 10:54:13'),
	(677,'Tanya Beckman','iPad ocsico','2014-07-09 10:54:17','2014-07-09 10:54:28'),
	(678,'Vasilii Kasnitski','Apple','2014-07-09 10:54:23','2014-07-09 10:54:38'),
	(679,'Vasilii Kasnitski','iPad ocsico','2014-07-09 10:54:38','2014-07-09 10:56:37'),
	(680,'Tanya Beckman','Apple','2014-07-09 10:54:46','2014-07-09 13:12:03'),
	(681,'test-test','Apple','2014-07-09 13:12:10','2014-07-09 13:12:19'),
	(682,'test-test','iPad ocsico','2014-07-09 13:12:25','2014-07-09 13:15:35'),
	(683,'Vasilii Kasnitski','Apple','2014-07-09 13:12:34','2014-07-09 13:41:42'),
	(684,'test-test','iPad ocsico','2014-07-09 13:15:35','2014-07-09 13:47:25'),
	(685,'Vasilii Kasnitski','Apple','2014-07-09 13:41:53','2014-07-09 13:42:30'),
	(686,'Tanya Beckman','PowerSlam IPad Air','2014-07-09 13:46:08','2014-07-09 13:47:19'),
	(687,'test-test','Apple','2014-07-09 13:47:25','2014-07-09 13:48:33'),
	(688,'Tanya Beckman','PowerSlam IPad Air','2014-07-09 13:47:41','2014-07-09 13:55:21'),
	(689,'test-test','Apple','2014-07-09 13:49:00','2014-07-09 13:49:21'),
	(690,'test-test','iPad ocsico','2014-07-09 13:49:25','2014-07-09 13:52:38'),
	(691,'Vasilii Kasnitski','Apple','2014-07-09 13:49:33','2014-07-09 13:52:29'),
	(692,'test-test','Apple','2014-07-09 13:52:38','2014-07-09 13:52:46'),
	(693,'test-test','Apple','2014-07-09 13:52:52','2014-07-09 13:53:15'),
	(694,'Vasilii Kasnitski','Apple','2014-07-09 13:53:20','2014-07-09 13:55:57'),
	(695,'Tanya Beckman','PowerSlam IPad Air','2014-07-09 13:55:43','2014-07-09 14:02:27'),
	(696,'test-test','Apple','2014-07-09 13:56:02','2014-07-09 13:56:17'),
	(697,'test-test','iPad ocsico','2014-07-09 14:10:20','2014-07-09 14:13:36'),
	(698,'test-test','iPad ocsico','2014-07-09 14:13:36','2014-07-09 14:14:09'),
	(699,'test-test','iPad ocsico','2014-07-09 14:14:09','2014-07-09 14:15:19'),
	(700,'test-test','iPad ocsico','2014-07-09 14:15:19','2014-07-09 14:17:23'),
	(701,'test-test','iPad ocsico','2014-07-09 14:17:23','2014-07-09 14:17:44'),
	(702,'test-test','iPad ocsico','2014-07-09 14:17:44','2014-07-09 14:18:20'),
	(703,'test-test','iPad ocsico','2014-07-09 14:18:20','2014-07-09 15:01:35'),
	(704,'test-test','iPad ocsico','2014-07-09 15:01:35','2014-07-09 15:02:10'),
	(705,'test-test','Apple','2014-07-09 15:02:10','2014-07-09 15:02:11'),
	(706,'test-test','iPad ocsico','2014-07-09 15:02:15','2014-07-09 15:22:35'),
	(707,'Vasilii Kasnitski','Apple','2014-07-09 15:02:31','2014-07-09 15:22:26'),
	(708,'test-test','Apple','2014-07-09 15:22:35','2014-07-09 15:22:36'),
	(709,'test-test','iPad ocsico','2014-07-09 15:22:53','2014-07-09 15:23:41'),
	(710,'test-test','Apple','2014-07-09 15:23:41','2014-07-09 15:23:49'),
	(711,'test-test','iPad ocsico','2014-07-09 15:23:52','2014-07-09 15:25:00'),
	(712,'Vasilii Kasnitski','Apple','2014-07-09 15:24:03','2014-07-09 15:24:26'),
	(713,'Vasilii Kasnitski','Apple','2014-07-09 15:24:36','2014-07-09 15:24:40'),
	(714,'test-test','Apple','2014-07-09 15:25:00','2014-07-09 15:25:11'),
	(715,'test-test','iPad ocsico','2014-07-09 15:25:16','2014-07-09 15:26:16'),
	(716,'Vasilii Kasnitski','Apple','2014-07-09 15:25:24','2014-07-09 15:25:57'),
	(717,'Vasilii Kasnitski','Apple','2014-07-09 15:26:01','2014-07-09 15:26:07'),
	(718,'test-test','Apple','2014-07-09 15:26:16','2014-07-09 15:26:26'),
	(719,'Vasilii Kasnitski','Apple','2014-07-09 15:26:36','2014-07-09 15:33:32'),
	(720,'test-test','iPad ocsico','2014-07-09 15:26:37','2014-07-09 15:26:38'),
	(721,'test-test','iPad ocsico','2014-07-09 15:26:38','2014-07-09 15:33:27'),
	(722,'test-test','iPad ocsico','2014-07-09 15:33:27','2014-07-09 15:33:48'),
	(723,'test-test','Apple','2014-07-09 15:33:48','2014-07-09 15:33:55'),
	(724,'test-test','iPad ocsico','2014-07-09 15:33:58','2014-07-09 15:37:27'),
	(725,'Vasilii Kasnitski','Apple','2014-07-09 15:34:03','2014-07-09 15:36:48'),
	(726,'Vasilii Kasnitski','Apple','2014-07-09 15:36:59','2014-07-09 15:37:05'),
	(727,'Vasilii Kasnitski','Apple','2014-07-09 15:37:09','2014-07-09 15:37:17'),
	(728,'test-test','Apple','2014-07-09 15:37:27','2014-07-09 15:41:18'),
	(729,'test-test','iPad ocsico','2014-07-09 15:41:23','2014-07-09 15:42:16'),
	(730,'test-test','iPad ocsico','2014-07-09 15:42:16','2014-07-09 15:42:53'),
	(731,'test-test','iPad ocsico','2014-07-09 15:42:53','2014-07-09 15:43:04'),
	(732,'test-test','Apple','2014-07-09 15:43:04','2014-07-09 15:43:06'),
	(733,'Vasilii Kasnitski','Apple','2014-07-09 15:43:12','2014-07-09 15:43:27'),
	(734,'test-test','iPad ocsico','2014-07-09 15:43:21','2014-07-09 15:43:35'),
	(735,'test-test','Apple','2014-07-09 15:43:35','2014-07-09 15:43:38'),
	(736,'test-test','iPad ocsico','2014-07-09 15:43:39','2014-07-09 15:44:00'),
	(737,'Tanya Beckman','Apple','2014-07-09 15:43:47','2014-07-09 15:43:52'),
	(738,'test-test','Apple','2014-07-09 15:44:00','2014-07-09 15:44:06'),
	(739,'test-test','iPad ocsico','2014-07-09 15:44:09','2014-07-09 15:44:35'),
	(740,'Vasilii Kasnitski','Apple','2014-07-09 15:44:14','2014-07-09 15:44:26'),
	(741,'test-test','Apple','2014-07-09 15:44:35','2014-07-09 15:44:40'),
	(742,'test-test','iPad ocsico','2014-07-09 15:44:41','2014-07-09 15:45:08'),
	(743,'Tanya Beckman','Apple','2014-07-09 15:44:49','2014-07-09 15:44:53'),
	(744,'test-test','Apple','2014-07-09 15:45:08','2014-07-09 15:45:11'),
	(745,'test-test','iPad ocsico','2014-07-09 15:45:19','2014-07-09 15:46:36'),
	(746,'Vasilii Kasnitski','Apple','2014-07-09 15:45:23','2014-07-09 15:45:39'),
	(747,'Vasilii Kasnitski','Apple','2014-07-09 15:45:43','2014-07-09 15:45:49'),
	(748,'Vasilii Kasnitski','Apple','2014-07-09 15:45:54','2014-07-09 15:46:00'),
	(749,'Vasilii Kasnitski','Apple','2014-07-09 15:46:05','2014-07-09 15:46:14'),
	(750,'Vasilii Kasnitski','Apple','2014-07-09 15:46:19','2014-07-09 15:46:25'),
	(751,'Vasilii Kasnitski','Apple','2014-07-09 15:46:29','2014-07-09 15:46:42'),
	(752,'test-test','iPad ocsico','2014-07-09 15:46:36','2014-07-09 15:50:08'),
	(753,'Tanya Beckman','Apple','2014-07-09 15:46:47','2014-07-09 15:47:36'),
	(754,'Tanya Beckman','Apple','2014-07-09 15:47:40','2014-07-09 15:47:44'),
	(755,'test-test','iPad ocsico','2014-07-09 15:50:08','2014-07-09 16:07:53'),
	(756,'test-test','iPad ocsico','2014-07-09 16:07:54','2014-07-09 16:07:56'),
	(757,'test-test','iPad ocsico','2014-07-09 16:07:56','2014-07-09 16:08:02'),
	(758,'test-test','iPad ocsico','2014-07-09 16:08:02','2014-07-09 16:08:04'),
	(759,'test-test','iPad ocsico','2014-07-09 16:08:04','2014-07-09 16:08:05'),
	(760,'test-test','iPad ocsico','2014-07-09 16:08:05','2014-07-09 16:08:06'),
	(761,'test-test','iPad ocsico','2014-07-09 16:08:06','2014-07-09 16:08:08'),
	(762,'test-test','iPad ocsico','2014-07-09 16:08:08','2014-07-09 16:08:09'),
	(763,'test-test','iPad ocsico','2014-07-09 16:08:09','2014-07-09 16:08:11'),
	(764,'test-test','iPad ocsico','2014-07-09 16:08:11','2014-07-09 16:08:13'),
	(765,'test-test','iPad ocsico','2014-07-09 16:08:13','2014-07-09 16:10:53'),
	(766,'Vasilii Kasnitski','Apple','2014-07-09 16:09:10','2014-07-09 16:10:45'),
	(767,'Tanya Beckman','PowerSlam IPad Air','2014-07-09 16:09:49','2014-07-09 16:35:37'),
	(768,'test-test','Apple','2014-07-09 16:10:53','2014-07-09 16:35:35'),
	(769,'Tanya Beckman','PowerSlam IPad Air','2014-07-09 16:35:41','2014-07-09 16:44:24'),
	(770,'test-test','Apple','2014-07-09 16:35:44','2014-07-10 15:26:47'),
	(771,'Vasilii Kasnitski','iPad ocsico','2014-07-09 16:52:42','2014-07-10 15:17:26'),
	(772,'Tanya Beckman','PowerSlam IPad Air','2014-07-09 16:53:40','2014-07-09 17:20:09'),
	(773,'Vasilii Kasnitski','Apple','2014-07-10 15:17:26','2014-07-11 10:32:23'),
	(774,'Tanya Beckman','PowerSlam IPad Air','2014-07-10 15:18:03','2014-07-10 16:12:00'),
	(775,'Nicole Truman','9F66','2014-07-10 15:18:20','2014-07-10 15:18:44'),
	(776,'Nicole Truman','9F66','2014-07-10 15:26:35','2014-07-16 15:02:40'),
	(777,'test-test','iPad ocsico','2014-07-10 15:26:47','2014-07-10 15:29:33'),
	(778,'test-test','iPad ocsico','2014-07-10 15:29:33','2014-07-10 15:30:01'),
	(779,'test-test','iPad ocsico','2014-07-10 15:30:05','2014-07-11 14:05:50'),
	(780,'Vasilii Kasnitski','iPhone 4 ocsico','2014-07-12 13:14:44','2014-07-12 16:11:35'),
	(781,'Vasilii Kasnitski','Apple','2014-07-12 16:11:35','2014-07-14 11:33:12'),
	(782,'Vasilii Kasnitski','Apple','2014-07-15 12:32:14','2014-07-16 11:53:47'),
	(783,'Nicole Truman','Apple','2014-07-16 15:02:40','2014-07-16 15:02:41'),
	(784,'Tanya Beckman','Apple','2014-07-21 11:49:56','2014-07-21 13:31:30'),
	(785,'test-test','Apple','2014-07-21 13:31:36','2014-07-25 11:41:21'),
	(786,'Greg Robertson','Greg\'s iPhone','2014-07-21 22:53:15','2014-07-21 23:02:38'),
	(787,'Greg Robertson','Greg\'s iPhone','2014-07-21 23:04:57','2014-07-22 08:28:03'),
	(788,'Craig Patnode','Greg\'s iPhone','2014-07-22 08:28:17','2014-07-22 08:28:26'),
	(789,'Greg Robertson','Greg\'s iPhone','2014-07-22 08:28:34','2014-07-22 08:50:47'),
	(790,'Greg Robertson','Greg\'s iPhone','2014-07-22 19:04:31','2014-07-22 19:27:17'),
	(791,'Greg Robertson','Greg\'s iPhone','2014-07-22 19:27:23','2014-07-28 16:05:24'),
	(792,'test-test','Apple','2014-07-25 11:41:22','2014-08-07 16:54:01'),
	(793,'Greg Robertson','Greg\'s iPhone','2014-07-28 16:05:24','2014-07-28 16:15:50'),
	(794,'Greg Robertson','Greg\'s iPhone','2014-07-28 16:42:18','2014-07-28 16:54:08'),
	(795,'Mark Anderson','Mark A iPhone','2014-07-28 17:55:56','2014-07-28 18:08:13'),
	(796,'Mark Anderson','Mark A iPhone','2014-07-28 18:17:44','2014-07-28 18:32:53'),
	(797,'admin',NULL,'2014-07-29 11:33:26','2014-09-17 22:57:15'),
	(798,'Craig Patnode','EM06','2014-07-30 22:43:08','2014-08-19 16:44:47'),
	(799,'Greg Robertson','Greg\'s iPhone','2014-07-31 16:00:45','2014-07-31 16:01:44'),
	(800,'Mark Anderson','Mark A iPhone','2014-07-31 19:00:35','2014-07-31 19:00:54'),
	(801,'Mark Anderson','Mark A iPhone','2014-07-31 20:13:21','2014-07-31 20:32:33'),
	(802,'Greg Bertagnoli','Ben Kelly','2014-08-05 20:32:06','2014-08-13 02:17:11'),
	(803,'Tanya Beckman','iPhone 4 ocsico','2014-08-07 10:31:04','2014-08-07 10:31:12'),
	(804,'Nicole Truman','iPhone 4 ocsico','2014-08-07 10:31:19','2014-08-07 10:34:32'),
	(805,'Vasilii Kasnitski','Apple 1','2014-08-07 10:32:57','2014-08-07 10:34:04'),
	(806,'Vasilii Kasnitski','Apple 1','2014-08-07 10:34:09','2014-08-07 10:53:14'),
	(807,'Nicole Truman','iPhone 4 ocsico','2014-08-07 10:34:37','2014-08-07 10:53:27'),
	(808,'Vasilii Kasnitski','Apple 1','2014-08-07 10:53:19','2014-08-07 11:00:09'),
	(809,'Nicole Truman','iPhone 4 ocsico','2014-08-07 10:53:32','2014-08-07 11:37:55'),
	(810,'Vasilii Kasnitski','Apple 1','2014-08-07 11:00:14','2014-08-07 11:31:26'),
	(811,'Vasilii Kasnitski','Apple 1','2014-08-07 11:31:32','2014-08-07 11:33:52'),
	(812,'Vasilii Kasnitski','Apple 1','2014-08-07 11:33:59','2014-08-07 11:41:17'),
	(813,'Nicole Truman','iPhone 4 ocsico','2014-08-07 11:38:03','2014-08-07 11:45:09'),
	(814,'Vasilii Kasnitski','Apple 1','2014-08-07 11:41:23','2014-08-07 11:46:09'),
	(815,'Nicole Truman','iPhone 4 ocsico','2014-08-07 11:45:15','2014-08-07 11:46:09'),
	(816,'Vasilii Kasnitski','Apple 1','2014-08-07 11:46:19','2014-08-07 11:52:05'),
	(817,'Nicole Truman','iPhone 4 ocsico','2014-08-07 11:46:19','2014-08-07 11:52:06'),
	(818,'Vasilii Kasnitski','Apple 1','2014-08-07 11:52:10','2014-08-07 12:44:03'),
	(819,'Nicole Truman','iPhone 4 ocsico','2014-08-07 11:52:14','2014-08-07 15:39:29'),
	(820,'Vasilii Kasnitski','Apple 1','2014-08-07 12:44:03','2014-08-07 14:18:46'),
	(821,'Vasilii Kasnitski','Apple 1','2014-08-07 14:18:46','2014-08-07 14:36:35'),
	(822,'Vasilii Kasnitski','Apple 1','2014-08-07 14:36:45','2014-08-07 14:45:16'),
	(823,'Vasilii Kasnitski','Apple 1','2014-08-07 14:45:17','2014-08-07 15:40:46'),
	(824,'Nicole Truman','iPhone 4 ocsico','2014-08-07 15:39:36','2014-08-07 15:40:34'),
	(825,'Vasilii Kasnitski','iPhone 4 ocsico','2014-08-07 15:40:46','2014-08-07 16:51:48'),
	(826,'Nicole Truman','Apple 1','2014-08-07 15:42:09','2014-08-07 16:51:29'),
	(827,'Vasilii Kasnitski','Apple 1','2014-08-07 16:51:49','2014-08-07 16:52:01'),
	(828,'Tanya Beckman','Apple 1','2014-08-07 16:52:06','2014-08-07 16:52:10'),
	(829,'Vasilii Kasnitski','Apple 1','2014-08-07 16:52:16','2014-08-07 16:52:30'),
	(830,'Vasilii Kasnitski','iPhone 4 ocsico','2014-08-07 16:52:30','2014-08-07 16:52:44'),
	(831,'Vasilii Kasnitski','Apple 1','2014-08-07 16:52:44','2014-08-07 16:53:11'),
	(832,'Vasilii Kasnitski','iPhone 4 ocsico','2014-08-07 16:53:11','2014-08-07 16:53:29'),
	(833,'Vasilii Kasnitski','Apple 1','2014-08-07 16:53:29','2014-08-07 16:53:40'),
	(834,'Vasilii Kasnitski','iPhone 4 ocsico','2014-08-07 16:53:40','2014-08-07 16:53:48'),
	(835,'Vasilii Kasnitski','Apple 1','2014-08-07 16:53:48','2014-08-07 16:54:04'),
	(836,'test-test','iPhone 4 ocsico','2014-08-07 16:54:01','2014-08-07 16:54:13'),
	(837,'test-test','Apple 1','2014-08-07 16:54:13','2014-08-07 16:54:26'),
	(838,'Vasilii Kasnitski','iPhone 4 ocsico','2014-08-07 16:54:22','2014-08-07 16:54:34'),
	(839,'Vasilii Kasnitski','Apple 1','2014-08-07 16:54:34','2014-08-07 16:54:58'),
	(840,'Vasilii Kasnitski','Apple 1','2014-08-07 16:55:12','2014-08-07 16:55:23'),
	(841,'Vasilii Kasnitski','iPhone 4 ocsico','2014-08-07 16:55:23','2014-08-07 16:56:47'),
	(842,'Vasilii Kasnitski','Apple 1','2014-08-07 16:56:47','2014-08-08 13:58:06'),
	(843,'test-test','iPhone 4 ocsico','2014-08-07 16:59:14','2014-08-08 16:00:09'),
	(844,'Vasilii Kasnitski','Apple 1','2014-08-08 15:57:42','2014-08-11 12:52:08'),
	(845,'Nicole Truman','iPhone 4 ocsico','2014-08-08 16:00:18','2014-09-11 12:35:32'),
	(846,'Mark Anderson','Mark A iPhone','2014-08-08 19:51:43','2014-08-08 19:52:56'),
	(847,'Vasilii Kasnitski','Apple 1','2014-08-11 12:52:08','2014-08-11 13:20:26'),
	(848,'Vasilii Kasnitski','Apple 1','2014-08-11 13:20:26','2014-08-11 13:26:42'),
	(849,'Vasilii Kasnitski','Apple 1','2014-08-11 13:26:42','2014-08-12 15:40:56'),
	(850,'Mark Anderson','Mark A iPhone','2014-08-11 17:43:20','2014-08-11 17:43:33'),
	(851,'Mark Anderson','Mark A iPhone','2014-08-11 17:54:29','2014-08-11 17:58:05'),
	(852,'Vasilii Kasnitski','Apple','2014-08-12 15:40:56','2014-08-12 17:23:14'),
	(853,'Vasilii Kasnitski','Apple 1','2014-08-12 17:23:14','2014-08-13 11:10:23'),
	(854,'Vasilii Kasnitski','Apple 1','2014-08-13 11:10:23','2014-08-14 12:07:42'),
	(855,'Greg Bertagnoli','Ben Kelly','2014-08-13 17:59:05','2014-08-17 23:17:43'),
	(856,'Vasilii Kasnitski','Apple 1','2014-08-14 12:07:59','2014-08-14 15:38:08'),
	(857,'Vasilii Kasnitski','iPhone 4 ocsico','2014-08-14 15:38:08','2014-08-21 10:17:25'),
	(858,'test-test','Apple 1','2014-08-14 15:38:23','2014-08-21 16:44:49'),
	(859,'Mark Anderson','Mark A iPhone','2014-08-15 05:29:01','2014-08-15 05:31:10'),
	(860,'Greg Bertagnoli','BEN KELLY2','2014-08-19 16:44:23','2014-08-21 16:34:41'),
	(861,'Craig Patnode','Ben Kelly','2014-08-19 16:44:47','2014-08-19 16:45:08'),
	(862,'Mark Anderson','Ben Kelly','2014-08-19 16:45:23','2014-08-21 16:34:03'),
	(863,'Vasilii Kasnitski','Apple 1','2014-08-21 10:17:25','2014-08-21 15:27:55'),
	(864,'Vasilii Kasnitski','Apple 1','2014-08-21 15:27:55','2014-08-21 15:50:51'),
	(865,'Vasilii Kasnitski','Apple 1','2014-08-21 15:50:51','2014-08-21 15:53:45'),
	(866,'Vasilii Kasnitski','Apple 1','2014-08-21 15:53:45','2014-08-21 15:56:32'),
	(867,'Vasilii Kasnitski','Apple 1','2014-08-21 15:56:32','2014-08-21 16:27:01'),
	(868,'Vasilii Kasnitski','Apple 1','2014-08-21 16:27:01','2014-08-21 17:18:59'),
	(869,'Craig Patnode','EM01','2014-08-21 16:32:47','2014-08-21 16:34:43'),
	(870,'Craig Patnode','EM02','2014-08-21 16:34:43','2014-08-21 16:35:47'),
	(871,'Craig Patnode','EM01','2014-08-21 16:35:47','2014-08-21 16:36:44'),
	(872,'test-test','Apple 1','2014-08-21 16:44:49','2014-08-21 16:46:10'),
	(873,'Vasilii Kasnitski','Apple 1','2014-08-21 17:18:59','2014-08-22 12:02:30'),
	(874,'Vasilii Kasnitski','Apple 1','2014-08-22 12:02:30','2014-08-26 13:12:17'),
	(875,'Vasilii Kasnitski','Apple 1','2014-08-26 13:12:17','2014-08-26 13:13:35'),
	(876,'Vasilii Kasnitski','Apple 1','2014-08-27 15:16:52','2014-08-27 17:18:26'),
	(877,'test-test','iPhone 4 ocsico','2014-08-27 16:08:34','2014-09-02 16:56:26'),
	(878,'Vasilii Kasnitski','Apple 1','2014-08-27 17:18:26','2014-08-27 17:38:02'),
	(879,'Vasilii Kasnitski','Apple 1','2014-08-27 17:38:02','2014-08-27 17:43:20'),
	(880,'Vasilii Kasnitski','Apple 1','2014-08-27 17:43:20','2014-08-27 17:56:22'),
	(881,'Vasilii Kasnitski','Apple 1','2014-08-27 17:56:22','2014-08-28 15:09:43'),
	(882,'Vasilii Kasnitski','Apple 1','2014-08-28 15:09:43','2014-08-29 11:43:21'),
	(883,'Vasilii Kasnitski','Apple 1','2014-08-29 11:44:25','2014-08-29 11:56:02'),
	(884,'Vasilii Kasnitski','Apple 1','2014-08-29 11:56:02','2014-08-29 11:56:19'),
	(885,'Tanya Beckman','Apple 1','2014-08-29 11:57:18','2014-08-29 13:44:27'),
	(886,'Tanya Beckman','Apple 1','2014-08-29 13:45:05','2014-08-29 15:31:00'),
	(887,'Tanya Beckman','Apple 1','2014-08-29 15:31:11','2014-08-29 15:32:58'),
	(888,'Tanya Beckman','Apple 1','2014-08-29 15:32:58','2014-08-29 15:34:08'),
	(889,'Tanya Beckman','Apple 1','2014-08-29 15:34:18','2014-08-29 15:34:55'),
	(890,'Tanya Beckman','Apple 1','2014-08-29 15:35:40','2014-09-02 16:55:42'),
	(891,'Tanya Beckman','Apple 1','2014-09-02 16:55:47','2014-09-02 16:55:54'),
	(892,'Vasilii Kasnitski','Apple 1','2014-09-02 16:56:00','2014-09-02 16:56:02'),
	(893,'useruser','Apple 1','2014-09-02 16:56:06','2014-09-02 16:56:17'),
	(894,'test-test','Apple 1','2014-09-02 16:56:26','2014-09-03 17:17:22'),
	(895,'useruser','iPhone 4 ocsico','2014-09-02 16:56:47','2014-09-02 16:56:52'),
	(896,'Tanya Beckman','9F66','2014-09-03 13:53:30','2014-09-03 13:53:34'),
	(897,'Vasilii Kasnitski','9F66','2014-09-03 13:53:41','2014-09-03 13:57:20'),
	(898,'useruser','9F66','2014-09-03 13:57:35','2014-09-03 14:00:36'),
	(899,'Vasilii Kasnitski','Apple 1','2014-09-03 15:10:26','2014-09-03 15:13:32'),
	(900,'Vasilii Kasnitski','Apple 1','2014-09-03 15:13:32','2014-09-03 15:24:33'),
	(901,'useruser','9F66','2014-09-03 15:16:46','2014-09-03 17:16:39'),
	(902,'Vasilii Kasnitski','9F66','2014-09-03 17:16:46','2014-09-03 17:17:16'),
	(903,'test-test','9F66','2014-09-03 17:17:22','2014-09-03 17:17:28'),
	(904,'Tanya Beckman','9F66','2014-09-03 17:17:35','2014-09-03 17:22:12'),
	(905,'Vasilii Kasnitski','Apple 1','2014-09-03 17:18:56','2014-09-03 17:19:35'),
	(906,'useruser','Apple 1','2014-09-03 17:20:45','2014-09-05 10:41:48'),
	(907,'Greg Robertson','9F66','2014-09-03 17:22:20','2014-09-03 17:22:47'),
	(908,'Greg Bertagnoli','BEN KELLY2','2014-09-03 18:02:35','2014-09-09 05:10:30'),
	(909,'Mark Anderson','Ben Kelly','2014-09-03 18:04:07','2014-09-03 20:03:50'),
	(910,'Mark Anderson','Mark A iPhone','2014-09-03 20:03:50','2014-09-04 01:22:13'),
	(911,'Mark Anderson','Mark A iPhone','2014-09-04 19:06:12','2014-09-04 19:13:36'),
	(912,'Vasilii Kasnitski','9F66','2014-09-05 10:53:41','2014-09-05 10:54:24'),
	(913,'Vasilii Kasnitski','9F66','2014-09-05 10:54:37','2014-09-05 10:54:46'),
	(914,'Vasilii Kasnitski','9F66','2014-09-05 10:54:51','2014-09-05 10:54:58'),
	(915,'Vasilii Kasnitski','9F66','2014-09-05 10:56:04','2014-09-05 10:56:07'),
	(916,'Vasilii Kasnitski','9F66','2014-09-05 10:56:53','2014-09-05 10:56:58'),
	(917,'Vasilii Kasnitski','9F66','2014-09-05 10:57:03','2014-09-05 11:07:43'),
	(918,'Vasilii Kasnitski','9F66','2014-09-05 11:07:43','2014-09-05 11:07:47'),
	(919,'Vasilii Kasnitski','9F66','2014-09-05 11:08:17','2014-09-05 11:08:21'),
	(920,'Vasilii Kasnitski','9F66','2014-09-05 11:09:01','2014-09-08 16:17:36'),
	(921,'Mark Anderson','Mark A iPhone','2014-09-05 18:27:41','2014-09-05 18:31:22'),
	(922,'Vasilii Kasnitski','iPhone 4 ocsico','2014-09-08 16:17:36','2014-09-08 17:18:57'),
	(923,'Vasilii Kasnitski','iPhone 4 ocsico','2014-09-08 17:18:57','2014-09-08 17:54:45'),
	(924,'test-test','iPhone 4 ocsico','2014-09-08 17:54:53','2014-09-08 17:54:55'),
	(925,'Tanya Beckman','iPhone 4 ocsico','2014-09-08 17:55:01','2014-09-08 17:55:04'),
	(926,'useruser','iPhone 4 ocsico','2014-09-08 17:55:12','2014-09-08 17:55:14'),
	(927,'Vasilii Kasnitski','iPhone 4 ocsico','2014-09-10 16:50:50','2014-09-11 11:43:23'),
	(928,'Mark Anderson','Ben Kelly','2014-09-10 17:57:24','2014-09-10 22:40:31'),
	(929,'Vasilii Kasnitski','iPhone 4 ocsico','2014-09-11 11:43:28','2014-09-11 12:34:10'),
	(930,'useruser','iPhone 4 ocsico','2014-09-11 12:02:11','2014-09-11 12:07:32'),
	(931,'test-test','iPhone 4 ocsico','2014-09-11 12:08:13','2014-09-11 12:21:57'),
	(932,'Andy Fletcher','iPhone 4 ocsico','2014-09-11 12:22:08','2014-09-11 12:22:20'),
	(933,'Kathleen Carmichael','iPhone 4 ocsico','2014-09-11 12:22:29','2014-09-11 12:22:33'),
	(934,'Andy Fletcher','iPhone 4 ocsico','2014-09-11 12:22:41','2014-09-11 12:22:52'),
	(935,'useruser','iPhone 4 ocsico','2014-09-11 12:23:05','2014-09-11 12:34:02'),
	(936,'Vasilii Kasnitski','iPhone 4 ocsico','2014-09-11 12:34:10','2014-09-11 12:35:06'),
	(937,'test-test','Apple 1','2014-09-11 12:35:01','2014-09-11 12:35:03'),
	(938,'useruser','Apple 1','2014-09-11 12:35:08','2014-09-11 12:35:10'),
	(939,'test-test','iPhone 4 ocsico','2014-09-11 12:35:15','2014-09-11 12:35:29'),
	(940,'Tanya Beckman','Apple 1','2014-09-11 12:35:16','2014-09-11 12:35:20'),
	(941,'Nicole Truman','Apple 1','2014-09-11 12:35:32','2014-09-11 12:35:34'),
	(942,'Tanya Beckman','iPhone 4 ocsico','2014-09-11 12:35:36','2014-09-11 12:35:45'),
	(943,'Kathleen Carmichael','Apple 1','2014-09-11 12:35:41','2014-09-11 12:35:43'),
	(944,'Greg Bertagnoli','Apple 1','2014-09-11 12:35:48','2014-09-11 12:35:50'),
	(945,'Craig Patnode','Apple 1','2014-09-11 12:35:55','2014-09-11 12:35:58'),
	(946,'Andy Fletcher','Apple 1','2014-09-11 12:36:03','2014-09-11 12:36:05'),
	(947,'Tanya Beckman','iPhone 4 ocsico','2014-09-11 12:36:10','2014-09-11 12:36:16'),
	(948,'Greg Robertson','Apple 1','2014-09-11 12:36:12','2014-09-11 12:40:01'),
	(949,'Kathleen Carmichael','Apple 1','2014-09-11 12:40:07','2014-09-11 12:40:09'),
	(950,'Kirt Graves','Apple 1','2014-09-11 12:40:13','2014-09-11 12:40:15'),
	(951,'Mark Anderson','Apple 1','2014-09-11 12:40:20','2014-09-11 12:40:22'),
	(952,'Vasilii Kasnitski','Apple 1','2014-09-11 12:49:07','2014-09-11 12:49:10'),
	(953,'test-test','Apple 1','2014-09-11 12:49:15','2014-09-11 12:49:18'),
	(954,'Tanya Beckman','Apple 1','2014-09-11 12:49:28','2014-09-11 13:48:10'),
	(955,'Andy Fletcher','iPhone 4 ocsico','2014-09-11 13:11:43','2014-09-11 13:11:46'),
	(956,'Greg Robertson','iPhone 4 ocsico','2014-09-11 13:11:52','2014-09-11 13:11:55'),
	(957,'test-test','iPhone 4 ocsico','2014-09-11 13:12:03','2014-09-11 13:12:05'),
	(958,'Vasilii Kasnitski','iPhone 4 ocsico','2014-09-11 13:12:12','2014-09-11 13:12:15'),
	(959,'Greg Bertagnoli','iPhone 4 ocsico','2014-09-11 13:12:23','2014-09-11 13:12:26'),
	(960,'Kathleen Carmichael','iPhone 4 ocsico','2014-09-11 13:12:33','2014-09-11 13:12:36'),
	(961,'Steve Redeker','iPhone 4 ocsico','2014-09-11 13:14:26','2014-09-11 13:14:46'),
	(962,'test-test','iPhone 4 ocsico','2014-09-11 13:15:01','2014-09-11 13:15:33'),
	(963,'useruser','iPhone 4 ocsico','2014-09-11 13:24:24','2014-09-11 13:24:27'),
	(964,'useruser','iPhone 4 ocsico','2014-09-11 13:25:29','2014-09-11 13:25:31'),
	(965,'Greg Bertagnoli','iPhone 4 ocsico','2014-09-11 13:25:49','2014-09-11 13:25:52'),
	(966,'Kathleen Carmichael','iPhone 4 ocsico','2014-09-11 13:25:59','2014-09-11 13:26:02'),
	(967,'useruser','iPhone 4 ocsico','2014-09-11 13:26:09','2014-09-11 13:26:12'),
	(968,'Vasilii Kasnitski','iPhone 4 ocsico','2014-09-11 13:26:17','2014-09-11 13:26:19'),
	(969,'useruser','iPhone 4 ocsico','2014-09-11 13:46:56','2014-09-11 13:47:35'),
	(970,'Tanya Beckman','iPhone 4 ocsico','2014-09-11 13:48:10','2014-09-11 13:48:15'),
	(971,'Andy Fletcher','iPhone 4 ocsico','2014-09-11 13:48:26','2014-09-11 13:48:32'),
	(972,'Craig Patnode','iPhone 4 ocsico','2014-09-11 13:48:40','2014-09-11 13:48:43'),
	(973,'Andy Fletcher','Ben Kelly','2014-09-11 17:52:22','2014-09-17 09:56:44'),
	(974,'Vasilii Kasnitski','iPhone 4 ocsico','2014-09-15 13:22:09','2014-09-15 13:44:18'),
	(975,'Vasilii Kasnitski','iPhone 4 ocsico','2014-09-15 13:44:18','2014-09-15 14:32:35'),
	(976,'Tanya Beckman','iPhone 4 ocsico','2014-09-15 14:20:13','2014-09-15 14:30:15'),
	(977,'Tanya Beckman','iPhone 4 ocsico','2014-09-15 14:30:30','2014-09-15 14:32:26'),
	(978,'Vasilii Kasnitski','iPhone 4 ocsico','2014-09-15 14:32:35','2014-09-15 14:36:41'),
	(979,'useruser','iPhone 4 ocsico','2014-09-15 14:36:48','2014-09-15 14:58:12'),
	(980,'useruser','iPhone 4 ocsico','2014-09-15 14:58:37','2014-09-15 14:59:39'),
	(981,'Vasilii Kasnitski','iPhone 4 ocsico','2014-09-15 15:02:42','2014-09-15 15:16:14'),
	(982,'Vasilii Kasnitski','77871','2014-09-15 17:18:29','2014-09-16 09:51:16'),
	(983,'Tanya Beckman','iPhone 4 ocsico','2014-09-16 09:47:11','2014-09-16 09:51:02'),
	(984,'Vasilii Kasnitski','iPhone 4 ocsico','2014-09-16 09:51:16','2014-09-17 10:42:59'),
	(985,'test-test','77871','2014-09-16 13:04:27','2014-09-16 13:04:35'),
	(986,'test-test','77871','2014-09-16 13:04:40','2014-09-16 13:07:53'),
	(987,'test-test','77871','2014-09-16 13:08:00','2014-09-17 09:52:28'),
	(988,'Greg Robertson','Joe Hasenstein','2014-09-16 18:17:39','2014-09-16 18:18:51'),
	(989,'useruser','77871','2014-09-17 09:53:04','2014-09-17 09:55:44'),
	(990,'Andy Fletcher','77871','2014-09-17 09:56:44','2014-09-17 09:56:57'),
	(991,'Andy Fletcher','77871','2014-09-17 09:57:10','2014-09-17 09:58:30'),
	(992,'useruser','77871','2014-09-17 09:58:40','2014-09-17 09:59:00'),
	(993,'Andy Fletcher','77871','2014-09-17 09:59:10','2014-09-17 09:59:43'),
	(994,'Andy Fletcher','77871','2014-09-17 09:59:55','2014-09-17 10:01:24'),
	(995,'Andy Fletcher','77871','2014-09-17 10:01:47','2014-09-17 10:03:45'),
	(996,'John Connor','77871','2014-09-17 10:03:58','2014-09-17 10:04:38'),
	(997,'John Connor','77871','2014-09-17 10:04:52','2014-09-17 10:06:57'),
	(998,'Andrew Gor','77871','2014-09-17 10:07:15','2014-09-17 10:07:48'),
	(999,'Andrew Gor','77871','2014-09-17 10:07:54','2014-09-17 10:07:59'),
	(1000,'Andrew Gor','77871','2014-09-17 10:08:17','2014-09-17 10:08:47'),
	(1001,'Andrew Gor','77871','2014-09-17 10:08:59','2014-09-17 10:09:40'),
	(1002,'Andrew Gor','77871','2014-09-17 10:09:46',NULL),
	(1003,'Ivory taylor','77871','2014-09-17 10:10:55','2014-09-17 10:11:23'),
	(1004,'Ivory taylor','77871','2014-09-17 10:11:35',NULL),
	(1005,'Andrew Gahan','77871','2014-09-17 10:14:45','2014-09-17 10:15:01'),
	(1006,'Andrew Gahan','77871','2014-09-17 10:15:13','2014-09-17 10:19:27'),
	(1007,'Andrew Gahan','77871','2014-09-17 10:19:32',NULL),
	(1008,'useruser','77871','2014-09-17 10:20:33','2014-09-17 10:21:32'),
	(1009,'New user','77871','2014-09-17 10:21:42','2014-09-17 10:21:52'),
	(1010,'New user','77871','2014-09-17 10:21:57','2014-09-17 10:22:11'),
	(1011,'New user','77871','2014-09-17 10:22:33',NULL),
	(1012,'Only you','77871','2014-09-17 10:26:17','2014-09-17 10:26:40'),
	(1013,'Only you','77871','2014-09-17 10:26:46',NULL),
	(1014,'Vasilii Kasnitski','iPhone 4 ocsico','2014-09-17 10:43:18','2014-09-17 10:43:24'),
	(1015,'Tanya Beckman','iPhone 4 ocsico','2014-09-17 10:43:31','2014-09-17 10:48:18'),
	(1016,'Tanya Beckman','iPhone 4 ocsico','2014-09-17 10:48:26','2014-09-17 10:49:22'),
	(1017,'Tanya Beckman','iPhone 4 ocsico','2014-09-17 10:49:59','2014-09-17 10:50:42'),
	(1018,'Tanya Beckman','iPhone 4 ocsico','2014-09-17 10:51:03','2014-09-17 13:35:01'),
	(1019,'Tanya Beckman','iPhone 4 ocsico','2014-09-17 13:36:19','2014-09-17 13:39:32'),
	(1020,'Tanya Beckman','iPhone 4 ocsico','2014-09-17 13:39:49','2014-09-17 13:40:02'),
	(1021,'Tanya Beckman','iPhone 4 ocsico','2014-09-17 13:40:20','2014-09-17 13:41:36'),
	(1022,'Tanya Beckman','iPhone 4 ocsico','2014-09-17 13:41:46','2014-09-17 13:46:07'),
	(1023,'Tanya Beckman','iPhone 4 ocsico','2014-09-17 13:46:13','2014-09-17 13:46:41'),
	(1024,'Tanya Beckman','iPhone 4 ocsico','2014-09-17 13:46:47','2014-09-17 13:47:57'),
	(1025,'Tanya Beckman','iPhone 4 ocsico','2014-09-17 13:48:51','2014-09-17 14:04:36'),
	(1026,'Tanya Beckman','iPhone 4 ocsico','2014-09-17 14:04:51','2014-09-17 14:05:04'),
	(1027,'Tanya Beckman','iPhone 4 ocsico','2014-09-17 14:05:26','2014-09-17 14:07:06'),
	(1028,'Tanya Beckman','iPhone 4 ocsico','2014-09-17 14:07:38','2014-09-17 14:07:55'),
	(1029,'Tanya Beckman','iPhone 4 ocsico','2014-09-17 14:08:11','2014-09-17 14:29:02'),
	(1030,'Tanya Beckman','iPhone 4 ocsico','2014-09-17 14:29:19','2014-09-17 14:56:05'),
	(1031,'Tanya Beckman','iPhone 4 ocsico','2014-09-17 14:56:25','2014-09-17 14:56:54'),
	(1032,'Tanya Beckman','iPhone 4 ocsico','2014-09-17 14:57:21','2014-09-17 15:00:46'),
	(1033,'Tanya Beckman','iPhone 4 ocsico','2014-09-17 15:01:01','2014-09-17 15:28:03'),
	(1034,'Tanya Beckman','iPhone 4 ocsico','2014-09-17 15:28:35','2014-09-17 15:29:00'),
	(1035,'Tanya Beckman','iPhone 4 ocsico','2014-09-17 15:29:25','2014-09-17 15:30:49'),
	(1036,'Tanya Beckman','iPhone 4 ocsico','2014-09-17 15:31:00','2014-09-17 15:31:53'),
	(1037,'Tanya Beckman','iPhone 4 ocsico','2014-09-17 15:32:04','2014-09-17 15:32:27'),
	(1038,'Tanya Beckman','iPhone 4 ocsico','2014-09-17 15:33:43','2014-09-17 15:35:21'),
	(1039,'Tanya Beckman','iPhone 4 ocsico','2014-09-17 15:35:21','2014-09-17 15:36:04'),
	(1040,'Tanya Beckman','iPhone 4 ocsico','2014-09-17 15:36:04','2014-09-17 15:37:18'),
	(1041,'Tanya Beckman','iPhone 4 ocsico','2014-09-17 15:37:44','2014-09-17 16:03:57'),
	(1042,'Tanya Beckman','iPhone 4 ocsico','2014-09-17 16:04:12','2014-09-17 16:06:53'),
	(1043,'Tanya Beckman','iPhone 4 ocsico','2014-09-17 16:07:38','2014-09-17 16:27:29'),
	(1044,'Tanya Beckman','iPhone 4 ocsico','2014-09-17 16:27:44','2014-09-17 16:38:32'),
	(1045,'Tanya Beckman','iPhone 4 ocsico','2014-09-17 16:38:44','2014-09-17 16:39:03'),
	(1046,'Tanya Beckman','iPhone 4 ocsico','2014-09-17 16:39:14','2014-09-17 16:39:33'),
	(1047,'Tanya Beckman','iPhone 4 ocsico','2014-09-17 16:39:43','2014-09-17 16:44:46'),
	(1048,'Tanya Beckman','iPhone 4 ocsico','2014-09-17 16:45:03','2014-09-17 16:46:32'),
	(1049,'Tanya Beckman','iPhone 4 ocsico','2014-09-17 16:46:44','2014-09-17 17:06:34'),
	(1050,'Tanya Beckman','iPhone 4 ocsico','2014-09-17 17:06:46','2014-09-17 17:13:18'),
	(1051,'Tanya Beckman','iPhone 4 ocsico','2014-09-17 17:13:29','2014-09-17 17:26:41'),
	(1052,'Tanya Beckman','iPhone 4 ocsico','2014-09-17 17:26:58','2014-09-17 17:27:06'),
	(1053,'Tanya Beckman','iPhone 4 ocsico','2014-09-17 17:28:52','2014-09-17 17:28:57'),
	(1054,'Tanya Beckman','iPhone 4 ocsico','2014-09-17 17:29:08','2014-09-18 08:56:52'),
	(1055,'Greg Robertson','Greg\'s iPhone','2014-09-17 20:52:53','2014-09-17 20:57:15'),
	(1056,'Greg Robertson','Greg\'s iPhone','2014-09-17 22:51:58','2014-09-18 00:13:01'),
	(1057,'admin',NULL,'2014-09-18 03:11:12','2014-09-18 03:41:05'),
	(1058,'Greg Robertson','Greg\'s iPhone','2014-09-18 03:11:49','2014-09-18 03:14:15'),
	(1059,'Greg Robertson','Greg\'s iPhone','2014-09-18 05:21:21','2014-09-18 07:07:16'),
	(1060,'admin',NULL,'2014-09-18 07:07:04','2014-09-30 20:10:27'),
	(1061,'Greg Robertson','Greg\'s iPhone','2014-09-18 07:07:16','2014-09-18 17:54:02'),
	(1062,'Tanya Beckman','iPhone 4 ocsico','2014-09-18 08:56:59','2014-09-18 09:45:07'),
	(1063,'Tanya Beckman','iPhone 4 ocsico','2014-09-18 09:45:37','2014-09-18 10:02:21'),
	(1064,'Tanya Beckman','iPhone 4 ocsico','2014-09-18 10:02:27','2014-09-18 10:32:26'),
	(1065,'Tanya Beckman','iPhone 4 ocsico','2014-09-18 10:32:40','2014-09-18 10:43:31'),
	(1066,'Tanya Beckman','iPhone 4 ocsico','2014-09-18 10:43:36','2014-09-18 11:55:24'),
	(1067,'Tanya Beckman','iPhone 4 ocsico','2014-09-18 11:55:30','2014-09-18 11:56:03'),
	(1068,'Tanya Beckman','iPhone 4 ocsico','2014-09-18 11:56:16','2014-09-18 11:56:25'),
	(1069,'Tanya Beckman','iPhone 4 ocsico','2014-09-18 12:26:20','2014-09-18 12:29:17'),
	(1070,'Tanya Beckman','iPhone 4 ocsico','2014-09-18 12:42:35','2014-09-18 12:42:42'),
	(1071,'Tanya Beckman','iPhone 4 ocsico','2014-09-18 12:42:48','2014-09-18 12:42:55'),
	(1072,'Tanya Beckman','iPhone 4 ocsico','2014-09-18 12:43:17','2014-09-18 13:26:21'),
	(1073,'Tanya Beckman','iPhone 4 ocsico','2014-09-18 13:26:29','2014-09-18 13:27:12'),
	(1074,'Tanya Beckman','iPhone 4 ocsico','2014-09-18 13:27:17','2014-09-18 13:34:37'),
	(1075,'Tanya Beckman','iPhone 4 ocsico','2014-09-18 13:34:43','2014-09-18 13:34:53'),
	(1076,'Tanya Beckman','iPhone 4 ocsico','2014-09-18 13:35:30','2014-09-18 13:40:54'),
	(1077,'Tanya Beckman','iPhone 4 ocsico','2014-09-18 13:40:59','2014-09-18 13:43:04'),
	(1078,'Tanya Beckman','iPhone 4 ocsico','2014-09-18 13:43:10','2014-09-18 13:43:12'),
	(1079,'Tanya Beckman','iPhone 4 ocsico','2014-09-18 13:43:28','2014-09-18 13:43:32'),
	(1080,'Tanya Beckman','iPhone 4 ocsico','2014-09-18 13:43:38','2014-09-18 13:43:52'),
	(1081,'Tanya Beckman','iPhone 4 ocsico','2014-09-18 13:43:58','2014-09-18 13:45:26'),
	(1082,'Tanya Beckman','iPhone 4 ocsico','2014-09-18 13:45:32','2014-09-18 13:45:39'),
	(1083,'Tanya Beckman','iPhone 4 ocsico','2014-09-18 13:46:16','2014-09-18 13:47:06'),
	(1084,'Tanya Beckman','iPhone 4 ocsico','2014-09-18 13:47:12','2014-09-18 13:47:28'),
	(1085,'Tanya Beckman','iPhone 4 ocsico','2014-09-18 13:48:17','2014-09-18 13:50:45'),
	(1086,'Tanya Beckman','iPhone 4 ocsico','2014-09-18 13:50:51','2014-09-18 13:52:18'),
	(1087,'Tanya Beckman','iPhone 4 ocsico','2014-09-18 13:52:24','2014-09-18 14:01:23'),
	(1088,'Tanya Beckman','iPhone 4 ocsico','2014-09-18 14:02:13','2014-09-18 14:13:36'),
	(1089,'Tanya Beckman','iPhone 4 ocsico','2014-09-18 14:27:42','2014-09-18 14:27:59'),
	(1090,'Tanya Beckman','iPhone 4 ocsico','2014-09-18 14:28:06','2014-09-18 14:45:35'),
	(1091,'Tanya Beckman','iPhone 4 ocsico','2014-09-18 14:45:42','2014-09-18 14:46:14'),
	(1092,'Tanya Beckman','iPhone 4 ocsico','2014-09-18 14:46:19','2014-09-18 14:48:43'),
	(1093,'Tanya Beckman','iPhone 4 ocsico','2014-09-18 14:48:49','2014-09-18 14:55:19'),
	(1094,'Tanya Beckman','iPhone 4 ocsico','2014-09-18 14:55:27','2014-09-18 15:04:37'),
	(1095,'Tanya Beckman','iPhone 4 ocsico','2014-09-18 15:04:43','2014-09-18 15:40:32'),
	(1096,'Tanya Beckman','iPhone 4 ocsico','2014-09-18 15:40:38','2014-09-18 15:41:11'),
	(1097,'Tanya Beckman','iPhone 4 ocsico','2014-09-18 15:41:17','2014-09-18 16:19:09'),
	(1098,'Tanya Beckman','iPhone 4 ocsico','2014-09-18 16:19:14','2014-09-19 13:41:24'),
	(1099,'Greg Robertson','Greg\'s iPhone','2014-09-18 17:54:02','2014-09-19 07:32:02'),
	(1100,'Greg Robertson','Greg\'s iPhone','2014-09-19 07:32:02','2014-09-19 17:59:17'),
	(1101,'John Connor','77871','2014-09-19 13:20:53','2014-09-19 13:21:18'),
	(1102,'John Connor','77871','2014-09-19 13:21:18',NULL),
	(1103,'Tanya Beckman','77871','2014-09-19 13:41:24','2014-09-19 16:04:52'),
	(1104,'Tanya Beckman','77871','2014-09-19 16:04:53','2014-09-19 16:07:02'),
	(1105,'Greg Robertson','Greg\'s iPhone','2014-09-19 17:59:17','2014-09-21 02:37:26'),
	(1106,'Mark Anderson','Mark A iPhone','2014-09-19 20:12:03','2014-11-18 00:22:11'),
	(1107,'Greg Robertson','Greg\'s iPhone','2014-09-21 02:37:26','2014-09-21 18:05:28'),
	(1108,'Greg Robertson','Greg\'s iPhone','2014-09-22 05:54:12','2014-09-22 05:55:45'),
	(1109,'Greg Robertson','EM08','2014-09-22 07:42:46','2014-09-22 07:43:26'),
	(1110,'Greg Robertson','Greg\'s iPod','2014-09-22 07:48:28','2014-09-22 07:48:34'),
	(1111,'Tanya Beckman','77871','2014-09-22 12:10:32','2014-09-22 16:39:22'),
	(1112,'Tanya Beckman','77871','2014-09-22 16:39:22','2014-09-22 16:46:12'),
	(1113,'Tanya Beckman','77871','2014-09-22 16:46:55','2014-09-22 17:53:01'),
	(1114,'Tanya Beckman','77871','2014-09-22 17:53:07','2014-09-22 17:54:39'),
	(1115,'Tanya Beckman','77871','2014-09-22 17:54:44','2014-09-22 17:55:30'),
	(1116,'Tanya Beckman','77871','2014-09-22 17:55:35','2014-09-22 18:00:28'),
	(1117,'Tanya Beckman','77871','2014-09-22 18:00:32','2014-09-22 18:01:01'),
	(1118,'Tanya Beckman','77871','2014-09-22 18:01:06','2014-09-22 18:12:32'),
	(1119,'Tanya Beckman','77871','2014-09-22 18:12:38','2014-09-23 16:07:18'),
	(1120,'Greg Robertson','EM08','2014-09-22 23:27:53','2014-09-22 23:38:42'),
	(1121,'Nicole Truman','Greg\'s iPhone','2014-09-22 23:28:33','2014-09-22 23:38:28'),
	(1122,'Greg Robertson','Greg\'s iPhone','2014-09-22 23:38:42','2014-09-23 06:19:44'),
	(1123,'Greg Robertson','Greg\'s iPhone','2014-09-23 09:04:10','2014-09-23 17:37:40'),
	(1124,'test-test','Apple','2014-09-23 16:04:50','2014-09-23 16:07:09'),
	(1125,'Tanya Beckman','Apple','2014-09-23 16:07:18','2014-09-23 16:07:20'),
	(1126,'test-test','Apple','2014-09-23 16:07:28','2014-09-25 10:52:05'),
	(1127,'Tanya Beckman','77871','2014-09-23 16:10:51','2014-09-25 10:23:55'),
	(1128,'Vasilii Kasnitski','Apple','2014-09-23 16:17:47','2014-09-23 16:18:53'),
	(1129,'Vasilii Kasnitski','Apple','2014-09-23 16:18:53','2014-10-03 10:44:44'),
	(1130,'Kathleen Carmichael','ipod2','2014-09-23 17:14:50','2014-09-23 17:37:30'),
	(1131,'Greg Bertagnoli','EM08','2014-09-23 20:11:29','2014-10-01 04:05:47'),
	(1132,'Kathleen Carmichael','ipod2','2014-09-23 20:11:35','2014-11-18 00:20:45'),
	(1133,'Greg Robertson','Greg\'s iPhone','2014-09-23 20:12:03','2014-09-23 21:09:54'),
	(1134,'Greg Robertson','Greg\'s iPhone','2014-09-25 00:39:42','2014-09-26 04:08:50'),
	(1135,'Tanya Beckman','77871','2014-09-25 10:24:01','2014-09-25 10:24:06'),
	(1136,'Tanya Beckman','77871','2014-09-25 10:24:24','2014-09-25 10:43:00'),
	(1137,'Tanya Beckman','77871','2014-09-25 10:43:13','2014-09-25 10:43:47'),
	(1138,'Tanya Beckman','77871','2014-09-25 10:43:52','2014-09-25 10:47:21'),
	(1139,'Tanya Beckman','77871','2014-09-25 10:47:26','2014-09-25 10:58:45'),
	(1140,'test-test','iPhone 4 ocsico','2014-09-25 10:52:05','2014-09-25 11:05:09'),
	(1141,'Tanya Beckman','77871','2014-09-25 10:58:50','2014-09-25 12:00:33'),
	(1142,'test-test','iPhone 4 ocsico','2014-09-25 11:05:15','2014-09-30 20:40:35'),
	(1143,'Tanya Beckman','77871','2014-09-25 12:00:39','2014-09-25 12:02:04'),
	(1144,'Tanya Beckman','77871','2014-09-25 12:02:10','2014-09-25 12:05:24'),
	(1145,'Tanya Beckman','77871','2014-09-25 12:05:29','2014-09-26 13:07:38'),
	(1146,'Tanya Beckman','77871','2014-09-26 13:07:38','2014-09-26 13:20:10'),
	(1147,'Tanya Beckman','77871','2014-09-26 13:20:10','2014-10-15 15:09:35'),
	(1148,'Greg Robertson','Greg\'s iPhone','2014-09-29 09:45:40','2014-09-29 09:45:59'),
	(1149,'Greg Robertson','EM01','2014-09-30 19:52:07','2014-09-30 23:04:05'),
	(1150,'admin',NULL,'2014-09-30 20:10:47','2014-09-30 20:11:02'),
	(1151,'admin',NULL,'2014-09-30 20:11:28','2014-09-30 20:11:33'),
	(1152,'admin',NULL,'2014-09-30 20:12:13','2014-09-30 20:14:24'),
	(1153,'admin',NULL,'2014-09-30 20:14:47','2014-09-30 20:41:45'),
	(1154,'Craig Patnode','Craig 1','2014-09-30 20:17:39','2014-09-30 20:38:48'),
	(1155,'Craig Patnode','EM02','2014-09-30 20:38:48','2014-10-10 19:10:12'),
	(1156,'test-test','Craig 1','2014-09-30 20:40:35','2014-11-06 17:00:35'),
	(1157,'admin',NULL,'2014-09-30 20:56:26','2014-10-06 19:47:02'),
	(1158,'Greg Robertson','Greg\'s iPhone','2014-09-30 23:04:05','2014-09-30 23:04:25'),
	(1159,'Greg Robertson','Greg\'s iPhone','2014-10-01 03:58:13','2014-10-02 21:50:05'),
	(1160,'Greg Bertagnoli','Ken Rump iPhone','2014-10-01 04:05:47','2014-10-06 18:11:13'),
	(1161,'Greg Robertson','Greg\'s iPhone','2014-10-02 21:50:05','2014-10-03 01:05:07'),
	(1162,'Greg Robertson','BC1','2014-10-03 01:05:07','2014-10-03 01:06:56'),
	(1163,'Nicole Truman','Greg\'s iPhone','2014-10-03 01:06:27','2014-10-03 01:06:59'),
	(1164,'Vasilii Kasnitski','9F66','2014-10-03 10:44:44','2014-10-23 13:26:07'),
	(1165,'Greg Robertson','Greg\'s iPod','2014-10-03 22:38:38','2014-10-06 19:19:23'),
	(1166,'Nicole Truman','BEN KELLY2','2014-10-06 18:10:33','2014-10-06 18:10:46'),
	(1167,'Greg Bertagnoli','BEN KELLY2','2014-10-06 18:11:14','2014-10-06 22:23:09'),
	(1168,'Greg Robertson','Greg\'s iPhone','2014-10-06 19:19:23','2014-10-06 20:01:14'),
	(1169,'admin',NULL,'2014-10-07 13:16:22','2014-10-15 17:41:50'),
	(1170,'Greg Robertson','Greg\'s iPhone','2014-10-08 22:43:12','2014-10-09 05:35:18'),
	(1171,'Greg Robertson','Greg\'s iPhone','2014-10-10 18:37:33','2014-10-11 01:14:44'),
	(1172,'Greg Bertagnoli','Greg\'s iPod','2014-10-10 19:08:40','2014-10-10 20:57:32'),
	(1173,'Craig Patnode','EM09','2014-10-10 19:10:12','2014-10-10 20:58:02'),
	(1174,'Greg Robertson','Greg\'s iPhone','2014-10-13 05:07:51','2014-10-13 05:07:58'),
	(1175,'Craig Patnode','BEN KELLY2','2014-10-13 18:48:06','2014-10-16 00:22:22'),
	(1176,'Kirt Graves','Ben Kelly','2014-10-13 18:56:07',NULL),
	(1177,'Greg Robertson','Greg\'s iPhone','2014-10-14 20:59:41','2014-10-14 21:00:16'),
	(1178,'Greg Robertson','Greg\'s iPhone','2014-10-15 00:14:22','2014-10-15 04:29:17'),
	(1179,'Greg Robertson','Greg\'s iPhone','2014-10-15 14:47:22','2014-10-15 16:21:55'),
	(1180,'Andrew Davis','77871','2014-10-15 15:08:40','2014-10-15 15:26:05'),
	(1181,'Tanya Beckman','iPhone 4 ocsico','2014-10-15 15:09:35','2014-10-15 15:22:10'),
	(1182,'Tanya Beckman','iPhone 4 ocsico','2014-10-15 15:22:10','2014-10-29 17:08:20'),
	(1183,'Andrew Davis','77871','2014-10-15 15:26:05','2014-10-15 15:47:17'),
	(1184,'useruser','77871','2014-10-15 15:47:25','2014-10-15 15:51:25'),
	(1185,'Andrew Davis','77871','2014-10-15 15:51:36','2014-10-15 15:51:54'),
	(1186,'Andrew Davis','77871','2014-10-15 15:52:15','2014-10-15 15:56:48'),
	(1187,'Andrew Davis','77871','2014-10-15 15:56:54','2014-10-15 16:04:07'),
	(1188,'Andrew Davis','77871','2014-10-15 16:04:17','2014-10-15 16:13:41'),
	(1189,'Andrew Davis','77871','2014-10-15 16:13:48','2014-10-15 17:07:49'),
	(1190,'Greg Robertson','Greg\'s iPhone','2014-10-15 16:22:00','2014-10-15 20:03:49'),
	(1191,'Andrew Davis','77871','2014-10-15 17:07:49','2014-10-15 17:39:05'),
	(1192,'Andrew Davis','77871','2014-10-15 17:39:23','2014-10-20 10:11:43'),
	(1193,'admin',NULL,'2014-10-15 18:03:21','2014-10-15 18:15:33'),
	(1194,'admin',NULL,'2014-10-15 18:15:44','2014-11-18 03:45:07'),
	(1195,'Greg Robertson','Greg\'s iPhone','2014-10-17 04:30:06','2014-10-17 05:32:26'),
	(1196,'Greg Robertson','Greg\'s iPhone','2014-10-17 20:48:27','2014-10-17 21:41:09'),
	(1197,'Greg Robertson','Greg\'s iPhone','2014-10-17 21:54:03','2014-10-17 22:41:00'),
	(1198,'Greg Robertson','Greg\'s iPhone','2014-10-17 22:47:02','2014-10-17 23:33:57'),
	(1199,'Greg Robertson','Greg\'s iPhone','2014-10-18 06:19:18','2014-10-18 06:22:31'),
	(1200,'Greg Robertson','Greg\'s iPhone','2014-10-20 07:59:38','2014-10-20 08:00:19'),
	(1201,'useruser','77871','2014-10-20 10:12:45','2014-11-06 16:59:13'),
	(1202,'Greg Bertagnoli','EM04','2014-10-20 19:10:05','2014-12-04 17:33:28'),
	(1203,'Greg Robertson','Greg\'s iPhone','2014-10-22 19:33:07','2014-10-22 19:33:12'),
	(1204,'Vasilii Kasnitski','77871','2014-10-23 13:26:07','2014-10-23 13:26:30'),
	(1205,'Vasilii Kasnitski','77871','2014-10-23 13:26:34','2014-10-23 13:27:14'),
	(1206,'Vasilii Kasnitski','77871','2014-10-23 13:27:18','2014-10-24 11:01:59'),
	(1207,'Vasilii Kasnitski','77871','2014-10-24 11:01:59','2014-10-29 10:42:18'),
	(1208,'Greg Robertson','Greg\'s iPhone','2014-10-29 02:56:12','2014-10-29 07:54:00'),
	(1209,'Vasilii Kasnitski','77871','2014-10-29 10:42:18','2014-10-29 16:13:46'),
	(1210,'Greg Robertson','Greg\'s iPhone','2014-10-29 15:56:22','2014-10-29 15:56:38'),
	(1211,'Vasilii Kasnitski','77871','2014-10-29 16:13:46','2014-10-29 16:35:32'),
	(1212,'Vasilii Kasnitski','iPhone 4 ocsico','2014-10-29 16:35:32','2014-11-06 16:51:03'),
	(1213,'Tanya Beckman','77871','2014-10-29 17:08:20','2014-10-30 15:26:48'),
	(1214,'Greg Robertson','Greg\'s iPhone','2014-10-29 17:37:17','2014-10-30 15:56:36'),
	(1215,'Tanya Beckman','77871','2014-10-30 16:03:37','2014-11-10 17:30:36'),
	(1216,'Craig Patnode','EM02','2014-10-30 23:21:57','2014-11-18 00:24:24'),
	(1217,'Greg Robertson','Greg\'s iPhone','2014-11-02 03:14:26','2014-11-02 03:15:00'),
	(1218,'Vasilii Kasnitski','iPhone 4 ocsico','2014-11-06 16:51:03','2014-11-06 16:59:06'),
	(1219,'useruser','iPhone 4 ocsico','2014-11-06 16:59:13','2014-11-06 17:00:24'),
	(1220,'test-test','iPhone 4 ocsico','2014-11-06 17:00:35',NULL),
	(1221,'Tanya Beckman','77871','2014-11-10 17:30:36','2014-11-11 12:41:52'),
	(1222,'Vasilii Kasnitski','77871','2014-11-11 10:15:10','2014-11-11 11:52:36'),
	(1223,'Vasilii Kasnitski','77871','2014-11-11 11:52:36','2014-11-11 12:14:06'),
	(1224,'Vasilii Kasnitski','77871','2014-11-11 12:14:06','2014-11-11 12:16:42'),
	(1225,'Vasilii Kasnitski','77871','2014-11-11 12:16:42','2014-11-11 13:46:00'),
	(1226,'Tanya Beckman','77871','2014-11-11 12:41:52','2014-11-11 14:51:53'),
	(1227,'Vasilii Kasnitski','iPhone 4 ocsico','2014-11-11 13:46:00','2014-11-11 14:51:45'),
	(1228,'Vasilii Kasnitski','iPhone 4 ocsico','2014-11-11 14:51:46','2014-11-11 16:21:47'),
	(1229,'Tanya Beckman','77871','2014-11-11 14:51:53','2014-11-11 16:20:05'),
	(1230,'Greg Robertson','Greg\'s iPhone','2014-11-15 08:21:51','2014-11-15 08:35:44'),
	(1231,'Greg Robertson','Greg\'s iPhone','2014-11-15 08:35:50','2014-11-15 08:44:48'),
	(1232,'Greg Robertson','Greg\'s iPhone','2014-11-15 08:44:54','2014-11-18 00:21:26'),
	(1233,'Nicole Truman','EM08','2014-11-17 22:09:34','2014-11-17 22:13:11'),
	(1234,'Nicole Truman','EM08','2014-11-18 00:20:25','2014-11-18 00:21:26'),
	(1235,'Kathleen Carmichael','EM09','2014-11-18 00:20:45','2014-11-18 00:21:56'),
	(1236,'Greg Robertson','Greg\'s iPod','2014-11-18 00:21:26','2014-11-18 00:21:47'),
	(1237,'Nicole Truman','EM08','2014-11-18 00:21:46','2014-12-08 20:25:27'),
	(1238,'Mark Anderson','Greg\'s iPod','2014-11-18 00:22:11','2015-02-11 20:38:41'),
	(1239,'Craig Patnode','EM09','2014-11-18 00:24:24','2014-12-15 00:14:18'),
	(1240,'Tanya Beckman','ipod2','2014-11-18 00:25:02','2014-12-09 10:55:08'),
	(1241,'Greg Robertson','Greg\'s iPhone','2014-11-18 00:25:16','2014-12-03 16:06:52'),
	(1242,'admin',NULL,'2014-11-18 04:16:14','2014-12-04 17:34:59'),
	(1243,'Greg Robertson','Greg\'s iPhone','2014-12-04 00:03:32','2014-12-04 18:15:28'),
	(1244,'Greg Bertagnoli','EM06','2014-12-04 17:33:28','2014-12-04 17:44:39'),
	(1245,'admin',NULL,'2014-12-04 17:35:27','2014-12-20 13:23:27'),
	(1246,'Greg Bertagnoli','EM06','2014-12-04 17:44:47','2014-12-08 20:59:12'),
	(1247,'Greg Robertson','Greg\'s iPhone','2014-12-04 18:18:02','2014-12-05 17:46:53'),
	(1248,'Greg Robertson','Greg\'s iPhone','2014-12-08 18:46:01','2014-12-08 20:29:05'),
	(1249,'Nicole Truman','EM08','2014-12-08 20:25:27','2014-12-08 20:28:46'),
	(1250,'Nicole Truman','EM08','2014-12-08 20:28:52','2014-12-08 20:30:10'),
	(1251,'Greg Robertson','Greg\'s iPhone','2014-12-08 20:29:11','2014-12-08 20:30:09'),
	(1252,'Greg Robertson','EM08','2014-12-08 20:36:46','2014-12-08 20:38:15'),
	(1253,'Greg Robertson','EM08','2014-12-08 20:45:43','2014-12-08 20:48:20'),
	(1254,'Greg Robertson','EM08','2014-12-08 20:48:26','2014-12-08 21:09:42'),
	(1255,'Greg Bertagnoli','EM07','2014-12-08 20:59:12','2014-12-08 21:08:48'),
	(1256,'Greg Robertson','Drew Iphone','2014-12-08 21:38:47','2014-12-08 21:39:39'),
	(1257,'Greg Bertagnoli','EM07','2014-12-08 21:46:53','2014-12-10 22:50:39'),
	(1258,'Tanya Beckman','9F66','2014-12-09 10:55:08','2014-12-09 11:28:34'),
	(1259,'Tanya Beckman','9F66','2014-12-09 11:33:15','2014-12-09 16:23:31'),
	(1260,'Greg Robertson','Greg\'s iPhone','2014-12-09 20:31:31','2014-12-10 22:49:49'),
	(1261,'Greg Robertson','newiPod','2014-12-10 22:49:49','2014-12-10 22:54:08'),
	(1262,'Greg Bertagnoli','Greg\'s iPhone','2014-12-10 22:50:39','2014-12-11 19:14:17'),
	(1263,'Greg Robertson','newiPod','2014-12-10 22:54:13','2014-12-15 00:15:07'),
	(1264,'Tanya Beckman','9F66','2014-12-11 11:42:40','2014-12-11 17:11:44'),
	(1265,'Vasilii Kasnitski','77871','2014-12-11 12:27:22','2014-12-12 17:38:32'),
	(1266,'Tanya Beckman','iPod OCSICO','2014-12-11 17:11:44','2014-12-11 17:13:35'),
	(1267,'Tanya Beckman','iPod OCSICO','2014-12-11 19:12:12','2014-12-12 09:38:01'),
	(1268,'Greg Bertagnoli','Greg\'s iPhone','2014-12-11 19:14:22','2014-12-12 16:23:31'),
	(1269,'Tanya Beckman','iPod OCSICO','2014-12-12 09:38:01','2014-12-12 09:41:03'),
	(1270,'Nicole Truman','iPod OCSICO','2014-12-12 09:41:12','2014-12-16 15:51:12'),
	(1271,'Tanya Beckman','9F66','2014-12-12 12:16:55','2014-12-17 11:22:36'),
	(1272,'Greg Bertagnoli','Greg\'s iPod','2014-12-12 16:23:31','2014-12-12 16:25:24'),
	(1273,'Vasilii Kasnitski','iPod 5 ocsico','2014-12-12 17:38:32','2014-12-16 15:53:28'),
	(1274,'Greg Bertagnoli','Greg\'s iPod','2014-12-15 00:12:29','2014-12-15 00:15:08'),
	(1275,'Craig Patnode','Greg\'s iPhone','2014-12-15 00:14:18','2014-12-15 00:15:08'),
	(1276,'Greg Robertson','newiPod','2014-12-15 07:41:07','2014-12-15 07:41:25'),
	(1277,'Craig Patnode','EMTEST1','2014-12-15 07:59:58','2014-12-18 19:57:31'),
	(1278,'Greg Bertagnoli','EMTEST2','2014-12-15 08:01:21','2014-12-18 19:57:48'),
	(1279,'Greg Robertson','EMTEST3','2014-12-15 08:03:00','2014-12-16 08:37:40'),
	(1280,'Kathleen Carmichael','Greg\'s iPhone','2014-12-15 08:05:51','2014-12-15 08:06:19'),
	(1281,'Nicole Truman','iPhone OCSICO 1','2014-12-16 15:51:12','2014-12-17 11:22:24'),
	(1282,'Vasilii Kasnitski','iPod 5 ocsico','2014-12-16 15:53:28','2014-12-17 11:26:51'),
	(1283,'Greg Robertson','Greg\'s iPhone','2014-12-17 02:14:32','2014-12-17 02:18:00'),
	(1284,'Greg Robertson','Greg\'s iPhone','2014-12-17 02:18:06','2014-12-17 19:54:01'),
	(1285,'Tanya Beckman','iPhone OCSICO 1','2014-12-17 11:22:36','2014-12-17 12:16:15'),
	(1286,'useruser','iPod 5 ocsico','2014-12-17 11:27:29','2014-12-17 12:16:21'),
	(1287,'Greg Robertson','EMTEST3','2014-12-17 19:54:01','2014-12-18 19:00:23'),
	(1288,'Greg Robertson','EMTEST3','2014-12-18 19:01:03','2014-12-18 19:57:27'),
	(1289,'admin',NULL,'2014-12-20 13:23:35','2015-02-09 21:44:06'),
	(1290,'Nicole Truman','iPod 5 ocsico','2014-12-24 10:29:16','2014-12-30 13:43:55'),
	(1291,'Vasilii Kasnitski','77871','2015-01-06 12:11:14','2015-01-06 12:12:13'),
	(1292,'Greg Robertson','EMTEST3','2015-01-07 22:07:49','2015-01-07 23:35:44'),
	(1293,'Greg Bertagnoli','EMTEST2','2015-01-07 22:08:00','2015-01-07 23:35:40'),
	(1294,'Kathleen Carmichael','Greg\'s iPhone','2015-01-07 22:10:02',NULL),
	(1295,'Greg Robertson','Greg\'s iPhone','2015-01-12 19:16:35','2015-01-14 01:04:59'),
	(1296,'Greg Robertson','Greg\'s iPhone','2015-01-14 01:04:59','2015-01-16 00:19:07'),
	(1297,'Greg Robertson','Greg\'s iPhone','2015-01-16 00:19:07','2015-01-16 02:59:25'),
	(1298,'Greg Robertson','Greg\'s iPhone','2015-01-16 02:59:25','2015-01-16 03:04:27'),
	(1299,'Greg Robertson','Greg\'s iPhone','2015-01-16 20:12:42','2015-01-16 20:13:20'),
	(1300,'Greg Robertson','Greg\'s iPhone','2015-01-26 10:15:10','2015-01-26 10:15:25'),
	(1301,'Greg Robertson','Greg\'s iPhone','2015-02-02 22:57:17','2015-02-02 23:17:46'),
	(1302,'Greg Robertson','Greg\'s iPhone','2015-02-09 18:30:41','2015-02-09 21:40:34'),
	(1303,'Greg Robertson','Drew Iphone','2015-02-09 21:40:34','2015-02-11 20:32:04'),
	(1304,'admin',NULL,'2015-02-09 21:45:57','2015-02-09 21:46:18'),
	(1305,'admin',NULL,'2015-02-09 23:10:11','2015-02-10 00:20:11'),
	(1306,'Craig Patnode','EM01','2015-02-10 00:09:28','2015-02-10 00:11:13'),
	(1307,'Craig Patnode','Craig 1','2015-02-10 00:18:43','2015-02-11 19:44:40'),
	(1308,'Greg Bertagnoli','EM01','2015-02-10 02:14:17','2015-02-10 02:14:40'),
	(1309,'Greg Bertagnoli','EM02','2015-02-10 18:58:53','2015-02-10 18:59:04'),
	(1310,'Greg Bertagnoli','EM06','2015-02-10 23:01:02','2015-02-10 23:01:42'),
	(1311,'Andrew Davis','EM05','2015-02-11 00:23:12','2015-02-11 00:23:17'),
	(1312,'Greg Bertagnoli','EM02','2015-02-11 19:27:25','2015-02-11 19:44:20'),
	(1313,'Greg Bertagnoli','EM06','2015-02-11 19:44:20','2015-02-11 23:31:24'),
	(1314,'Craig Patnode','EM02','2015-02-11 19:44:40','2015-02-11 22:41:49'),
	(1315,'admin',NULL,'2015-02-11 19:48:38','2015-02-12 01:00:31'),
	(1316,'Andrew Davis','Craig 1','2015-02-11 20:20:22','2015-02-11 20:31:27'),
	(1317,'Greg Robertson','Craig 1','2015-02-11 20:32:04','2015-02-11 23:09:41'),
	(1318,'Mark Anderson','EM02','2015-02-11 20:38:41',NULL),
	(1319,'Craig Patnode','EM02','2015-02-11 22:41:49',NULL),
	(1320,'Greg Robertson','Greg\'s iPhone','2015-02-11 23:09:41','2015-02-12 00:00:54'),
	(1321,'Greg Bertagnoli','EM06','2015-02-11 23:31:24',NULL);

/*!40000 ALTER TABLE `login_history` ENABLE KEYS */;
UNLOCK TABLES;


# Dump of table residents
# ------------------------------------------------------------

DROP TABLE IF EXISTS `residents`;

CREATE TABLE `residents` (
  `id` int(11) NOT NULL AUTO_INCREMENT,
  `firstName` varchar(255) NOT NULL,
  `lastName` varchar(255) DEFAULT NULL,
  `nickname` varchar(255) DEFAULT NULL,
  PRIMARY KEY (`id`)
) ENGINE=InnoDB DEFAULT CHARSET=utf8;

LOCK TABLES `residents` WRITE;
/*!40000 ALTER TABLE `residents` DISABLE KEYS */;

INSERT INTO `residents` (`id`, `firstName`, `lastName`, `nickname`)
VALUES
	(1,'Very Evil','Monkey',NULL),
	(2,'No','Data',NULL),
	(3,'Evil','Monkey',NULL),
	(4,'No','Residents',NULL),
	(5,'Peter','Griffin',NULL),
	(6,'Adam','West',NULL),
	(7,'Bonnie','Swanson',NULL),
	(8,'John','Doe',NULL),
	(9,'Jane','Smith',NULL),
	(10,'Bob','Smith',NULL),
	(11,'Dwayne','Hicks',NULL),
	(12,'Carter','Burke',NULL);

/*!40000 ALTER TABLE `residents` ENABLE KEYS */;
UNLOCK TABLES;


# Dump of table settings
# ------------------------------------------------------------

DROP TABLE IF EXISTS `settings`;

CREATE TABLE `settings` (
  `id` int(11) NOT NULL AUTO_INCREMENT,
  `server_ip` varchar(50) COLLATE utf8_unicode_ci DEFAULT NULL,
  `console_name` varchar(50) COLLATE utf8_unicode_ci DEFAULT NULL,
  `admin_unlock_code` varchar(50) COLLATE utf8_unicode_ci DEFAULT NULL,
  `wall_mode` int(11) DEFAULT NULL,
  PRIMARY KEY (`id`)
) ENGINE=InnoDB DEFAULT CHARSET=utf8 COLLATE=utf8_unicode_ci;



# Dump of table test_close_alerts
# ------------------------------------------------------------

DROP TABLE IF EXISTS `test_close_alerts`;

CREATE TABLE `test_close_alerts` (
  `id` int(11) NOT NULL AUTO_INCREMENT,
  `date_time` varchar(80) DEFAULT NULL,
  `date` datetime DEFAULT NULL,
  PRIMARY KEY (`id`)
) ENGINE=InnoDB DEFAULT CHARSET=utf8;



# Dump of table users
# ------------------------------------------------------------

DROP TABLE IF EXISTS `users`;

CREATE TABLE `users` (
  `id` int(11) NOT NULL AUTO_INCREMENT,
  `handset_id` int(11) DEFAULT NULL,
  `name` varchar(255) COLLATE utf8_unicode_ci NOT NULL,
  `email` varchar(255) COLLATE utf8_unicode_ci NOT NULL,
  `display_name` varchar(50) COLLATE utf8_unicode_ci DEFAULT NULL,
  `password` varchar(128) COLLATE utf8_unicode_ci NOT NULL,
  `session` varchar(50) COLLATE utf8_unicode_ci DEFAULT NULL,
  `auth_token` varchar(50) COLLATE utf8_unicode_ci DEFAULT NULL,
  `voip_name` varchar(80) COLLATE utf8_unicode_ci DEFAULT NULL,
  `voip_password` varchar(80) COLLATE utf8_unicode_ci DEFAULT NULL,
  `pin` int(11) DEFAULT NULL,
  `enabled` tinyint(1) NOT NULL,
  `role` enum('admin','user','mobile user') COLLATE utf8_unicode_ci NOT NULL DEFAULT 'mobile user',
  `voip_caller_id` varchar(80) COLLATE utf8_unicode_ci DEFAULT NULL,
  PRIMARY KEY (`id`),
  UNIQUE KEY `UNIQ_8D93D649E7927C74` (`email`),
  UNIQUE KEY `UNIQ_8D93D649F85E0677` (`name`),
  UNIQUE KEY `UNIQ_8D93D649D044D5D4` (`session`),
  UNIQUE KEY `UNIQ_8D93D649EDF51E90` (`auth_token`),
  UNIQUE KEY `UNIQ_8D93D6497B9FCB0B` (`voip_name`),
  UNIQUE KEY `UNIQ_8D93D6497103CFD1` (`handset_id`),
  CONSTRAINT `FK_8D93D6497103CFD1` FOREIGN KEY (`handset_id`) REFERENCES `handsets` (`id`) ON DELETE SET NULL
) ENGINE=InnoDB DEFAULT CHARSET=utf8 COLLATE=utf8_unicode_ci;

LOCK TABLES `users` WRITE;
/*!40000 ALTER TABLE `users` DISABLE KEYS */;

INSERT INTO `users` (`id`, `handset_id`, `name`, `email`, `display_name`, `password`, `session`, `auth_token`, `voip_name`, `voip_password`, `pin`, `enabled`, `role`, `voip_caller_id`)
VALUES
	(1,NULL,'admin','admin@notify.com',NULL,'$2a$14$5jp5TcwS9onDjlsMcfeIc..qadDoPYmQaJNIWRudWSPUHRnRiiMIi',NULL,NULL,'admin','admin',1111,1,'admin',NULL),
	(7,NULL,'Nicole Truman','irina.timokhovtseva@ocsico.com',NULL,'$2y$14$3eUmw2mmTmSrPm4HZmjm9.kvkF7WbVEv2CBo3yoZTGtt4bGScTNMu',NULL,NULL,'2223','1111',NULL,1,'mobile user','2223'),
	(11,NULL,'Tanya Beckman','chatgris9@gmail.com',NULL,'$2y$14$rSEUS/v1BT9mMVlgAYR7GOrJEqfmhKnxQC2HEMaD7F2QdgcjsIRUK',NULL,NULL,'1104','111111',NULL,1,'mobile user','1104'),
	(16,NULL,'Sophie Nox','qa1a@gmail.com',NULL,'$2y$14$KnxazBMqGOOJtjMqujRZ1u.mG.U1W0pPS2FQCR8shA2CQS7emQFTy',NULL,NULL,'1101','1101',NULL,1,'mobile user','1101'),
	(19,NULL,'Kathleen Carmichael','1002@test.it',NULL,'$2y$14$7m0m.ZEEyipRF5.A0hikFOhvLy5E/sU08pwaa20nisR.NoTVNxnvC',NULL,NULL,'1002','1002',NULL,1,'mobile user','1002'),
	(22,NULL,'Greg Robertson','grobertson@eldermark.com',NULL,'$2y$14$bIEhGyobZZyTKbHylek28eD.v.RWuUiPAktp.KASVehkDa933sDqG',NULL,NULL,'1010','1111',NULL,1,'mobile user','Greg Robertson'),
	(23,NULL,'Mark Anderson','manderson@eldermark.com',NULL,'$2y$14$jZHLqg2A34OQumARYnrCbOY4sGSQO0XDNXRbN5ibbCU57g9tHk3g6',NULL,NULL,'1011','1111',NULL,1,'mobile user','Mark Anderson'),
	(24,NULL,'Steve Redeker','stever@notify.com',NULL,'$2y$14$w6.lkdQqzBZ1RkqpsZEcwOTas6.mMNyVMKWQi3./44YbeYkJSQ9vi',NULL,NULL,'1015','1111',NULL,1,'mobile user','Steve Redeker'),
	(25,18,'Kirt Graves','kirt@notify.com',NULL,'$2y$14$nu1cxKiFR5TyBbU1t41dpe1M1/gfjdt6/wgcYOyer1xNGae8xEgGa','52a424324740d6dda85efe5c53b47027','d57914ed45dff28b7b2e323e6732aded6b57a225','1999','1111',NULL,1,'mobile user','Kirt Graves'),
	(26,29,'Greg Bertagnoli','gb@notify.com',NULL,'$2y$14$5DWn4AV1r0gJCiFpWQAdDuW2VN/YZVaxF.EU.I6Eo1CILox6KofWW','c048012ddf96ce524f5b46a0f6f5ba30','e34e98231785c7ec0eed4c804162529c96fa3a87','4015','1111',NULL,1,'mobile user','Greg Bertagnoli'),
	(27,25,'Craig Patnode','craig@notify.com',NULL,'$2y$14$poe9dgk8OqbK2iiUCIVY2uNceEjvgsJsnZVTDELwwu09oPV1mzVVG','9adbdd4ba95f8131e707f75b7f901679','cc097c44448d20c3b6ed69d0a7b8c2a503ebbdac','1119','1111',NULL,1,'mobile user','Craig Patnode'),
	(28,NULL,'useruser','useruser@gmail.com',NULL,'$2y$14$ySHvd010Ro0tENt8AOpHaePBGdlGmPri5dsuSlSajpdF608cFZ7Ie',NULL,NULL,'4567','111111',NULL,1,'mobile user','4567'),
	(29,NULL,'test-test','t44est@test.by',NULL,'$2y$14$Wi7OkME7uydrUn3JIrvDVuvT6ZR2CcFeY25E9ng.OwaIecK7pbam6',NULL,NULL,'2224','2224',NULL,1,'mobile user','2224'),
	(30,NULL,'Vasilii Kasnitski','vasilii.kasnitski@ocsico.com',NULL,'$2y$14$lZFoUSCZ9DcNLJGMwfNPe.MNm2Mn155S9P0MxXXfBqhs9yCKyYEaO',NULL,NULL,'9111','9111',NULL,1,'mobile user','9111'),
	(32,NULL,'John Connor','sdfaf@asdada.com',NULL,'$2y$14$HBEQHHeh5zUIttnLo75cx.SAh/DTOll1Xu8JsTLY07br3klfEVD9q',NULL,NULL,'7899','1111111',NULL,1,'mobile user','caller'),
	(33,NULL,'Andrew Davis','a2248764@gmail.com',NULL,'$2y$14$070FFCREsmAaL9cShn7uieuDPfm1hsjT8G9OmvI.sa0gmT1hxtp/i',NULL,NULL,'6454','1111',NULL,1,'mobile user','Andrew');

/*!40000 ALTER TABLE `users` ENABLE KEYS */;
UNLOCK TABLES;


# Dump of table users_zones
# ------------------------------------------------------------

DROP TABLE IF EXISTS `users_zones`;

CREATE TABLE `users_zones` (
  `zone_id` int(11) NOT NULL,
  `user_id` int(11) NOT NULL,
  PRIMARY KEY (`user_id`,`zone_id`),
  KEY `IDX_DA6A8CCE9F2C3FAB` (`zone_id`),
  KEY `IDX_DA6A8CCEA76ED395` (`user_id`),
  CONSTRAINT `FK_DA6A8CCE9F2C3FAB` FOREIGN KEY (`zone_id`) REFERENCES `zones` (`id`) ON DELETE CASCADE,
  CONSTRAINT `FK_DA6A8CCEA76ED395` FOREIGN KEY (`user_id`) REFERENCES `users` (`id`) ON DELETE CASCADE
) ENGINE=InnoDB DEFAULT CHARSET=utf8 COLLATE=utf8_unicode_ci;

LOCK TABLES `users_zones` WRITE;
/*!40000 ALTER TABLE `users_zones` DISABLE KEYS */;

INSERT INTO `users_zones` (`zone_id`, `user_id`)
VALUES
	(4,7),
	(4,11),
	(4,16),
	(4,19),
	(4,22),
	(4,23),
	(4,24),
	(4,25),
	(4,26),
	(4,27),
	(4,28),
	(4,29),
	(4,30),
	(4,32),
	(4,33),
	(5,7),
	(5,11),
	(5,22),
	(5,24),
	(5,27),
	(5,28),
	(5,29),
	(5,30);

/*!40000 ALTER TABLE `users_zones` ENABLE KEYS */;
UNLOCK TABLES;


# Dump of table zones
# ------------------------------------------------------------

DROP TABLE IF EXISTS `zones`;

CREATE TABLE `zones` (
  `id` int(11) NOT NULL AUTO_INCREMENT,
  `name` varchar(255) COLLATE utf8_unicode_ci NOT NULL,
  `sound` varchar(255) COLLATE utf8_unicode_ci DEFAULT NULL,
  `sound_count` int(3) DEFAULT NULL,
  `sound_interval` int(11) DEFAULT NULL,
  PRIMARY KEY (`id`),
  UNIQUE KEY `UNIQ_A0EBC007CCDBBFA3` (`name`)
) ENGINE=InnoDB DEFAULT CHARSET=utf8 COLLATE=utf8_unicode_ci;

LOCK TABLES `zones` WRITE;
/*!40000 ALTER TABLE `zones` DISABLE KEYS */;

INSERT INTO `zones` (`id`, `name`, `sound`, `sound_count`, `sound_interval`)
VALUES
	(4,'Zone1','ATone',3,15),
	(5,'Zone2','ATone',2,45);

/*!40000 ALTER TABLE `zones` ENABLE KEYS */;
UNLOCK TABLES;



--
-- Dumping routines (PROCEDURE) for database 'notify'
--
DELIMITER ;;

# Dump of PROCEDURE closeAlerts
# ------------------------------------------------------------

/*!50003 DROP PROCEDURE IF EXISTS `closeAlerts` */;;
/*!50003 SET SESSION SQL_MODE=""*/;;
/*!50003 CREATE*/ /*!50020 DEFINER=`root`@`localhost`*/ /*!50003 PROCEDURE `closeAlerts`()
    MODIFIES SQL DATA
    COMMENT 'Automatic close alerts'
BEGIN
    DECLARE colName TEXT;
    DECLARE cId INTEGER;
    DECLARE cOpened DATETIME;
    DECLARE cTaken DATETIME;
    DECLARE cToTake VARCHAR(32);
    DECLARE cClosed DATETIME;
    DECLARE cToClose VARCHAR(32);
    DECLARE cIsClosed TINYINT(1);
    DECLARE cCompleted DATETIME;
    DECLARE cToComplete VARCHAR(32);
    DECLARE cTyp VARCHAR(80);
    DECLARE cWorkflow VARCHAR(80) DEFAULT NULL;
    DECLARE done INT DEFAULT FALSE;
    DECLARE AlertsCursor CURSOR FOR
      SELECT
        `alerts`.`id`,
        `alerts`.`opened`,
        `alerts`.`taken`,
        `alerts`.`to_take`,
        `alerts`.`closed`,
        `alerts`.`to_close`,
        `alerts`.`is_closed`,
        `alerts`.`completed`,
        `alerts`.`to_complete`,
        `alerts`.`type`,
        `devices`.`workflow`
      FROM `alerts`
        LEFT JOIN `devices` ON `alerts`.`device_id` = `devices`.`id`
      WHERE (`alerts`.`closed` IS NULL)
            AND (`alerts`.`ask_date_time` IS NOT NULL)
            AND (UNIX_TIMESTAMP(`alerts`.`ask_date_time`) <= UNIX_TIMESTAMP(NOW()));

    DECLARE CONTINUE HANDLER FOR SQLSTATE '02000' SET done = TRUE;


    SELECT `column_name`
    INTO colName
    FROM `information_schema`.`COLUMNS`
    WHERE `table_schema` = DATABASE()
          AND `table_name` = 'alerts'
          AND `column_name` = 'ask_date_time';

    IF colName IS NULL
    THEN
      SIGNAL SQLSTATE 'ERR0R'
      SET MESSAGE_TEXT = `Not exists column 'ask_date_time' in db 'notify'`;
    END IF;


    OPEN AlertsCursor;
    WHILE done = FALSE DO FETCH AlertsCursor
    INTO cId, cOpened, cTaken, cToTake, cClosed, cToClose, cIsClosed, cCompleted, cToComplete, cTyp, cWorkflow;

      IF cClosed IS NOT NULL THEN
        SET @closed = cClosed;
      ELSE
        SET @closed = NOW();
      END IF;
      SET @toClose = TIMEDIFF(@closed, cOpened);

      SET @completed = cCompleted;
      IF (cWorkflow = 'no action' OR cTyp <> 'Alert') AND cCompleted IS NULL THEN
        SET @completed = NOW();
      END IF;
      SET @toComplete = TIMEDIFF(@completed, cOpened);

      IF cIsClosed <> 1 OR cIsClosed IS NULL THEN SET @isClosed = 1; END IF;

      IF (cTyp = 'Alert' AND cTaken IS NOT NULL) OR (cTyp <> 'Alert') THEN
        UPDATE `notify`.`alerts`
        SET
          `alerts`.`closed`      = @closed,
          `alerts`.`to_close`    = @toClose,
          `alerts`.`completed`   = @completed,
          `alerts`.`to_complete` = @toComplete,
          `alerts`.`is_closed`   = @isClosed
        WHERE `alerts`.`id` = cId;
      END IF;

    END WHILE;
    CLOSE AlertsCursor;
  END */;;

/*!50003 SET SESSION SQL_MODE=@OLD_SQL_MODE */;;
DELIMITER ;

/*!40111 SET SQL_NOTES=@OLD_SQL_NOTES */;
/*!40101 SET SQL_MODE=@OLD_SQL_MODE */;
/*!40014 SET FOREIGN_KEY_CHECKS=@OLD_FOREIGN_KEY_CHECKS */;
/*!40101 SET CHARACTER_SET_CLIENT=@OLD_CHARACTER_SET_CLIENT */;
/*!40101 SET CHARACTER_SET_RESULTS=@OLD_CHARACTER_SET_RESULTS */;
/*!40101 SET COLLATION_CONNECTION=@OLD_COLLATION_CONNECTION */;
