
USE `notify-palatiumCare`;
SET FOREIGN_KEY_CHECKS=0;

-- ----------------------------------------
-- Table structure for _pc_devices_types
-- ----------------------------------------
DROP TABLE IF EXISTS `_pc_devices_types`;
CREATE TABLE `_pc_devices_types` (
  DeviceTypeId       INTEGER PRIMARY KEY NOT NULL,
  DeviceMfrId        INTEGER NOT NULL DEFAULT 0,
  DeviceTypeKey      VARCHAR(32) NOT NULL DEFAULT '',
  DeviceTypeName     VARCHAR(50) NOT NULL DEFAULT ''
);

INSERT INTO `_pc_devices_types` (DeviceTypeId, DeviceMfrId, DeviceTypeKey, DeviceTypeName) VALUES
  (1,1,'INV-00','EN1210, EN1210EOL'),
  (2,1,'INV-04','EN1210SK'),
  (3,1,'INV-03','EN1210W'),
  (4,1,'INV-01','EN1212'),
  (5,1,'INV-08','EE1215'),
  (6,1,'INV-0B','EE1215W'),
  (7,1,'INV-0D','EN1215EOL'),
  (8,1,'INV-0E','EN1215WEOL'),
  (9,1,'INV-09','EN1216'),
  (10,1,'INV-19','EN1223D'),
  (11,1,'INV-18','EN1223S'),
  (12,1,'INV-1E','EN1223SK'),
  (13,1,'INV-50','EN1224'),
  (14,1,'INV-51','EN1224-ON'),
  (15,1,'INV-15','EN1233D, EN1721'),
  (16,1,'INV-14','EN1233S'),
  (17,1,'INV-11','EN1235D'),
  (18,1,'INV-13','EN1235DF'),
  (19,1,'INV-10','EN1235S'),
  (20,1,'INV-12','EN1235SF'),
  (21,1,'INV-39','EN1236D'),
  (22,1,'INV-3A','EN1238D'),
  (23,1,'INV-31','EN1240'),
  (24,1,'INV-2C','ES1242'),
  (25,1,'INV-32','EN1247'),
  (26,1,'INV-30','EN1249'),
  (27,1,'INV-28','EN1260'),
  (28,1,'INV-2B','EE1261, EN1261HT'),
  (29,1,'INV-29','EN1262'),
  (30,1,'INV-2A','EN1265, EN1723'),
  (31,1,'INV-35','EN1721'),
  (32,1,'INV-16','EN1722 1'),
  (33,1,'INV-36','EN1722 2'),
  (34,1,'INV-0A','EN1723 1'),
  (35,1,'INV-17','EN1723 2'),
  (36,1,'INV-37','EN1723 3'),
  (37,1,'INV-0C','EN1941'),
  (38,0,'INV-RC','Receiver'),
  (39,0,'INV-RP','Repeater'),
  (40,0,'WWP-01','Paging Transmitter'),
  (41,0,'NTB-01','PalatiumCare Server'),
  (42,1,'INV-34','One-Way Serial Data RF Module'),
  (43,1,'RA-1','RF Wrist Tag'),
  (44,0,'INV-RC2','Wireless Receiver V2');

-- ----------------------------------------
-- Table structure for _pc_devices
-- ----------------------------------------
DROP TABLE IF EXISTS `_pc_devices`;
CREATE TABLE `_pc_devices` (
  `DeviceId` INT(11) NOT NULL AUTO_INCREMENT,
  `DeviceKey` varchar(50) NOT NULL,
  `HumanReadableSerialNum` varchar(16) NOT NULL DEFAULT '',
  `DeviceTypeKey` varchar(32) NOT NULL DEFAULT '',
  `ResidentId` int(11) NOT NULL DEFAULT '0',
  `LocationId` int(11) NOT NULL DEFAULT '0',
  `LocationArea` varchar(50) NOT NULL DEFAULT '',
  `NotifiyMessage` varchar(80) NOT NULL DEFAULT '',
  `DtCreated` datetime DEFAULT NULL,
  `DtModified` datetime DEFAULT NULL,
  `UserIdModifiedBy` int(11) NOT NULL DEFAULT '0',
  `Alarm0` tinyint(1) NOT NULL DEFAULT '0',
  `Alarm1` tinyint(1) NOT NULL DEFAULT '0',
  `LowBattery` tinyint(1) NOT NULL DEFAULT '0',
  `Tamper` tinyint(1) NOT NULL DEFAULT '0',
  `DtLastHeardFrom` datetime DEFAULT NULL,
  `DtAlarmSet` datetime DEFAULT NULL,
  `Active` tinyint(1) NOT NULL DEFAULT '0',
  `DeviceUseId` int(11) NOT NULL DEFAULT '0',
  `DeviceEnabled` tinyint(1) NOT NULL DEFAULT '1',
  `DeviceEnabledStart` time DEFAULT NULL,
  `DeviceEnabledEnd` time DEFAULT NULL,
  `Validation` varchar(8) NOT NULL DEFAULT 'U',
  `LocationAreaId` int(11) DEFAULT '0',
  `AcgZoneId` int(11) DEFAULT '0',
  `DeviceOptions` varchar(50) DEFAULT NULL,
  `DeviceCommands` varchar(50) DEFAULT NULL,
  PRIMARY KEY (`DeviceId`)
) ENGINE=InnoDB AUTO_INCREMENT=644 DEFAULT CHARSET=utf8;

-- ----------------------------
-- Records of _pc_devices
-- ----------------------------
INSERT INTO `_pc_devices` VALUES ('1', 'NTB-01-01', '00-03-F4-06-A3-5', 'NTB-01', '0', '0', 'CKH 2nd Floor Nurse Station', '', null, null, '0', '0', '0', '0', '0', null, null, '1', '0', '1', null, null, 'U', '0', '0', '', '');
INSERT INTO `_pc_devices` VALUES ('2', 'WWP-01-01', '', 'WWP-01', '0', '0', 'CKH 2nd Floor Nurse Station', '', null, null, '0', '0', '0', '0', '0', null, null, '1', '0', '1', null, null, 'U', '0', '0', '', '');
INSERT INTO `_pc_devices` VALUES ('7', 'INV-RC-007B6FA6', '8 89510', 'INV-RC', '0', '0', 'CKH 2nd Floor Nurse Station', '', null, null, '0', '0', '0', '0', '0', null, null, '1', '0', '1', null, null, 'U', '0', '0', '', '');
INSERT INTO `_pc_devices` VALUES ('8', 'INV-00-B27B8896', '8 95894', 'INV-00', '0', '1', ' ', '', null, null, '0', '0', '0', '0', '0', null, '2014-03-20 08:03:41', '1', '44', '1', '12:00:00', '12:00:00', 'U', '1', '0', '', '');
INSERT INTO `_pc_devices` VALUES ('9', 'INV-00-B2772F1E', '7 810846', 'INV-00', '0', '2', ' ', '', null, null, '0', '0', '0', '0', '0', null, '2014-03-20 08:04:01', '1', '44', '1', '12:00:00', '12:00:00', 'U', '1', '0', '', '');
INSERT INTO `_pc_devices` VALUES ('10', 'INV-00-B2772F21', '7 810849', 'INV-00', '0', '3', ' ', '', null, null, '0', '0', '0', '0', '0', null, '2014-03-12 07:09:36', '1', '44', '1', '12:00:00', '12:00:00', 'U', '1', '0', '', '');
INSERT INTO `_pc_devices` VALUES ('11', 'INV-00-B2772F33', '7 810867', 'INV-00', '0', '4', ' ', '', null, null, '0', '0', '0', '0', '0', null, '2014-03-20 08:43:20', '1', '44', '1', '12:00:00', '12:00:00', 'U', '1', '0', '', '');
INSERT INTO `_pc_devices` VALUES ('12', 'INV-00-B27B890D', '8 96013', 'INV-00', '0', '5', ' ', '', null, null, '0', '0', '0', '0', '0', null, '2014-03-20 07:59:45', '1', '44', '1', '12:00:00', '12:00:00', 'U', '1', '0', '', '');
INSERT INTO `_pc_devices` VALUES ('13', 'INV-00-B27B891F', '8 96031', 'INV-00', '0', '6', ' ', '', null, null, '0', '0', '0', '0', '0', null, '2014-03-20 16:18:06', '1', '44', '1', '12:00:00', '12:00:00', 'U', '1', '0', '', '');
INSERT INTO `_pc_devices` VALUES ('14', 'INV-00-B27B888A', '8 95882', 'INV-00', '0', '7', ' ', '', null, null, '0', '0', '0', '0', '0', null, '2014-03-20 08:07:59', '1', '44', '1', '12:00:00', '12:00:00', 'U', '1', '0', '', '');
INSERT INTO `_pc_devices` VALUES ('15', 'INV-00-B27B890C', '8 96012', 'INV-00', '0', '8', ' ', '', null, null, '0', '0', '0', '0', '0', null, '2014-03-21 15:33:46', '1', '44', '1', '12:00:00', '12:00:00', 'U', '1', '0', '', '');
INSERT INTO `_pc_devices` VALUES ('16', 'INV-00-B27B88F8', '8 95992', 'INV-00', '0', '9', ' ', '', null, null, '0', '0', '0', '0', '0', null, '2013-12-14 19:23:54', '1', '44', '1', '12:00:00', '12:00:00', 'U', '1', '0', '', '');
INSERT INTO `_pc_devices` VALUES ('17', 'INV-00-B27B8904', '8 96004', 'INV-00', '0', '10', ' ', '', null, null, '0', '0', '0', '0', '0', null, '2014-03-22 14:12:48', '1', '44', '1', '12:00:00', '12:00:00', 'U', '1', '0', '', '');
INSERT INTO `_pc_devices` VALUES ('18', 'INV-00-B27B889E', '8 95902', 'INV-00', '0', '11', ' ', '', null, null, '0', '0', '0', '0', '0', null, '2014-03-22 17:05:23', '1', '44', '1', '12:00:00', '12:00:00', 'U', '1', '0', '', '');
INSERT INTO `_pc_devices` VALUES ('19', 'INV-00-B26B18B2', '7 18674', 'INV-00', '0', '12', ' ', '', null, null, '0', '0', '0', '0', '0', null, '2014-03-20 08:15:34', '1', '44', '1', '12:00:00', '12:00:00', 'U', '1', '0', '', '');
INSERT INTO `_pc_devices` VALUES ('20', 'INV-RP-017B614E', '8 85838', 'INV-RP', '0', '0', 'CKH 2nd Floor D Wing', '', null, null, '0', '0', '0', '0', '0', null, null, '1', '0', '1', null, null, 'U', '0', '0', '', '');
INSERT INTO `_pc_devices` VALUES ('21', 'INV-RP-017B432B', '8 78123', 'INV-RP', '0', '0', 'CKH 2nd Floor A Wing', '', null, null, '0', '0', '0', '0', '0', null, null, '1', '0', '1', null, null, 'U', '0', '0', '', '');
INSERT INTO `_pc_devices` VALUES ('22', 'INV-RP-017B6152', '8 85842', 'INV-RP', '0', '0', 'CKH 2nd Floor B Wing', '', null, null, '0', '0', '0', '0', '0', null, null, '1', '0', '1', null, null, 'U', '0', '0', '', '');
INSERT INTO `_pc_devices` VALUES ('23', 'INV-RP-017B63D4', '8 86484', 'INV-RP', '0', '0', 'CKH 2nd Floor E Wing', '', null, null, '0', '0', '0', '0', '0', null, null, '1', '0', '1', null, null, 'U', '0', '0', '', '');
INSERT INTO `_pc_devices` VALUES ('24', 'INV-RP-017B63D0', '8 86480', 'INV-RP', '0', '0', 'CKH 1st Floor A Wing', '', null, null, '0', '0', '0', '0', '0', null, null, '1', '0', '1', null, null, 'U', '0', '0', '', '');
INSERT INTO `_pc_devices` VALUES ('25', 'INV-RP-0179D3D5', '7 984085', 'INV-RP', '0', '0', 'CKH 1st Floor B Wing', '', null, null, '0', '0', '0', '0', '0', null, null, '1', '0', '1', null, null, 'U', '0', '0', '', '');
INSERT INTO `_pc_devices` VALUES ('26', 'INV-RP-017B617E', '8 85886', 'INV-RP', '0', '0', 'CKH 1st Floor Dining', '', null, null, '0', '0', '0', '0', '0', null, null, '1', '0', '1', null, null, 'U', '0', '0', '', '');
INSERT INTO `_pc_devices` VALUES ('27', 'INV-RP-017B6182', '8 85890', 'INV-RP', '0', '0', 'CKH 1st Floor E Wing', '', null, null, '0', '0', '0', '0', '0', null, null, '1', '0', '1', null, null, 'U', '0', '0', '', '');
INSERT INTO `_pc_devices` VALUES ('32', 'INV-00-B27B891E', '8 96030', 'INV-00', '0', '14', ' ', '', null, null, '0', '0', '0', '0', '0', null, '2014-03-20 08:14:05', '1', '44', '1', '12:00:00', '12:00:00', 'U', '1', '0', '', '');
INSERT INTO `_pc_devices` VALUES ('33', 'INV-00-B27730D2', '7 811282', 'INV-00', '0', '15', ' ', '', null, null, '0', '0', '0', '0', '0', null, '2014-03-06 08:18:34', '1', '44', '1', '12:00:00', '12:00:00', 'U', '1', '0', '', '');
INSERT INTO `_pc_devices` VALUES ('34', 'INV-00-B27B8921', '8 96033', 'INV-00', '0', '16', ' ', '', null, null, '0', '0', '0', '0', '0', null, '2014-03-20 08:11:16', '1', '44', '1', '12:00:00', '12:00:00', 'U', '1', '0', '', '');
INSERT INTO `_pc_devices` VALUES ('35', 'INV-00-B27B8925', '8 96037', 'INV-00', '0', '17', ' ', '', null, null, '0', '0', '0', '0', '0', null, '2014-03-20 08:12:01', '1', '44', '1', '12:00:00', '12:00:00', 'U', '1', '0', '', '');
INSERT INTO `_pc_devices` VALUES ('36', 'INV-00-B27B8929', '8 96041', 'INV-00', '0', '18', ' ', '', null, null, '0', '0', '0', '0', '0', null, '2014-03-20 08:29:33', '1', '44', '1', '12:00:00', '12:00:00', 'U', '1', '0', '', '');
INSERT INTO `_pc_devices` VALUES ('37', 'INV-00-B27B88F9', '8 95993', 'INV-00', '0', '19', ' ', '', null, null, '0', '0', '0', '0', '0', null, '2014-03-20 08:27:47', '1', '44', '1', '12:00:00', '12:00:00', 'U', '1', '0', '', '');
INSERT INTO `_pc_devices` VALUES ('38', 'INV-00-B27B8910', '8 96016', 'INV-00', '0', '20', ' ', '', null, null, '0', '0', '0', '0', '0', null, '2014-03-22 17:55:03', '1', '44', '1', '12:00:00', '12:00:00', 'U', '1', '0', '', '');
INSERT INTO `_pc_devices` VALUES ('39', 'INV-00-B27B8905', '8 96005', 'INV-00', '0', '21', ' ', '', null, null, '0', '0', '0', '0', '0', null, '2014-03-21 14:52:53', '1', '44', '1', '12:00:00', '12:00:00', 'U', '1', '0', '', '');
INSERT INTO `_pc_devices` VALUES ('40', 'INV-00-B27B8911', '8 96017', 'INV-00', '0', '22', ' ', '', null, null, '0', '0', '0', '0', '0', null, '2014-03-20 08:33:41', '1', '44', '1', '12:00:00', '12:00:00', 'U', '1', '0', '', '');
INSERT INTO `_pc_devices` VALUES ('41', 'INV-00-B27BBA6E', '8 108654', 'INV-00', '0', '23', ' ', '', null, null, '0', '0', '0', '0', '0', null, '2014-03-20 08:31:43', '1', '44', '1', '12:00:00', '12:00:00', 'U', '1', '0', '', '');
INSERT INTO `_pc_devices` VALUES ('42', 'INV-00-B27B8923', '8 96035', 'INV-00', '0', '24', ' ', '', null, null, '0', '0', '0', '0', '0', null, '2014-03-20 08:01:29', '1', '4', '1', '12:00:00', '12:00:00', 'U', '1', '0', '', '');
INSERT INTO `_pc_devices` VALUES ('43', 'INV-00-B27B889A', '8 95898', 'INV-00', '0', '25', ' ', '', null, null, '0', '0', '0', '0', '0', null, '2014-03-20 08:02:06', '1', '4', '1', '12:00:00', '12:00:00', 'U', '1', '0', '', '');
INSERT INTO `_pc_devices` VALUES ('50', 'INV-RP-017B63A4', '8 86436', 'INV-RP', '0', '0', 'Outdoor 1 Boat Dock', '', null, null, '0', '0', '0', '0', '0', null, null, '1', '0', '1', null, null, 'U', '0', '0', '', '');
INSERT INTO `_pc_devices` VALUES ('51', 'INV-RP-017B63A0', '8 86432', 'INV-RP', '0', '0', 'Outdoor 2 Cemetary', '', null, null, '0', '0', '0', '0', '0', null, null, '1', '0', '1', null, null, 'U', '0', '0', '', '');
INSERT INTO `_pc_devices` VALUES ('52', 'INV-RP-017B6397', '8 86423', 'INV-RP', '0', '0', 'Outdoor 3 by Statue', '', null, null, '0', '0', '0', '0', '0', null, null, '1', '0', '1', null, null, 'U', '0', '0', '', '');
INSERT INTO `_pc_devices` VALUES ('53', 'INV-RP-017B62CA', '8 86218', 'INV-RP', '0', '0', 'Outdoor 4 by Smoking Area', '', null, null, '0', '0', '0', '0', '0', null, null, '1', '0', '1', null, null, 'U', '0', '0', '', '');
INSERT INTO `_pc_devices` VALUES ('88', 'INV-RC-006B602C', '7 36972', 'INV-RC', '0', '0', '', '', null, null, '0', '0', '0', '0', '0', null, null, '0', '0', '1', null, null, 'U', '0', '0', null, null);
INSERT INTO `_pc_devices` VALUES ('89', 'INV-18-B27D27DA', '8 202202', 'INV-18', '1', '0', '', '', null, null, '0', '0', '0', '0', '0', null, '2014-02-09 07:54:30', '1', '26', '1', '12:00:00', '12:00:00', 'U', '0', '0', '', '');
INSERT INTO `_pc_devices` VALUES ('90', 'INV-18-B27D2797', '8 202135', 'INV-18', '89', '0', '', '', null, null, '0', '0', '0', '0', '0', null, '2014-02-26 02:32:48', '1', '26', '1', '12:00:00', '12:00:00', 'U', '0', '0', '', '');
INSERT INTO `_pc_devices` VALUES ('91', 'INV-18-B27D285C', '8 202332', 'INV-18', '111', '0', '', '', null, null, '0', '0', '0', '0', '0', null, '2014-02-07 08:33:25', '1', '26', '1', '12:00:00', '12:00:00', 'U', '0', '0', '', '');
INSERT INTO `_pc_devices` VALUES ('92', 'INV-18-B27D2792', '8 202130', 'INV-18', '2', '0', '', '', null, null, '0', '0', '0', '0', '0', null, '2014-03-21 06:48:45', '1', '26', '1', '12:00:00', '12:00:00', 'U', '0', '0', '', '');
INSERT INTO `_pc_devices` VALUES ('93', 'INV-18-B27D2834', '8 202292', 'INV-18', '3', '0', '', '', null, null, '0', '0', '0', '0', '0', null, '2014-03-22 16:07:29', '1', '26', '1', '12:00:00', '12:00:00', 'U', '0', '0', '', '');
INSERT INTO `_pc_devices` VALUES ('95', 'INV-18-B27D2841', '8 202305', 'INV-18', '5', '0', '', '', null, null, '0', '0', '0', '0', '0', null, '2014-01-15 12:04:13', '1', '26', '1', '12:00:00', '12:00:00', 'U', '0', '0', '', '');
INSERT INTO `_pc_devices` VALUES ('96', 'INV-18-B27D283C', '8 202300', 'INV-18', '61', '0', '', '', null, null, '0', '0', '0', '0', '0', null, '2013-12-11 16:47:15', '1', '26', '1', '12:00:00', '12:00:00', 'U', '0', '0', '', '');
INSERT INTO `_pc_devices` VALUES ('99', 'INV-18-B27D27CD', '8 202189', 'INV-18', '7', '0', '', '', null, null, '0', '0', '0', '0', '0', null, '2014-03-22 01:31:32', '1', '26', '1', '12:00:00', '12:00:00', 'U', '0', '0', '', '');
INSERT INTO `_pc_devices` VALUES ('100', 'INV-18-B27D27E2', '8 202210', 'INV-18', '8', '0', '', '', null, null, '0', '0', '0', '0', '0', null, '2014-03-03 07:45:55', '1', '26', '1', '12:00:00', '12:00:00', 'U', '0', '0', '', '');
INSERT INTO `_pc_devices` VALUES ('102', 'INV-18-B27D2882', '8 202370', 'INV-18', '62', '0', '', '', null, null, '0', '0', '0', '0', '0', null, '2013-12-11 16:47:34', '1', '26', '1', '12:00:00', '12:00:00', 'U', '0', '0', '', '');
INSERT INTO `_pc_devices` VALUES ('103', 'INV-18-B27D2889', '8 202377', 'INV-18', '63', '0', '', '', null, null, '0', '0', '0', '0', '0', null, '2014-03-05 15:59:05', '1', '26', '1', '12:00:00', '12:00:00', 'U', '0', '0', '', '');
INSERT INTO `_pc_devices` VALUES ('105', 'INV-18-B27D27EA', '8 202218', 'INV-18', '11', '0', '', '', null, null, '0', '0', '0', '0', '0', null, '2014-03-13 12:13:39', '1', '26', '1', '12:00:00', '12:00:00', 'U', '0', '0', '', '');
INSERT INTO `_pc_devices` VALUES ('106', 'INV-18-B27D2884', '8 202372', 'INV-18', '100', '0', '', '', null, null, '0', '0', '0', '0', '0', null, '2014-02-24 03:23:05', '1', '26', '1', '12:00:00', '12:00:00', 'U', '0', '0', '', '');
INSERT INTO `_pc_devices` VALUES ('111', 'INV-18-B27D2791', '8 202129', 'INV-18', '64', '0', '', '', null, null, '0', '0', '0', '0', '0', null, '2013-12-11 16:41:39', '1', '26', '1', '12:00:00', '12:00:00', 'U', '0', '0', '', '');
INSERT INTO `_pc_devices` VALUES ('113', 'INV-18-B27D27D5', '8 202197', 'INV-18', '13', '0', '', '', null, null, '0', '0', '0', '0', '0', null, '2014-03-22 10:21:58', '1', '26', '1', '12:00:00', '12:00:00', 'U', '0', '0', '', '');
INSERT INTO `_pc_devices` VALUES ('114', 'INV-18-B27D284F', '8 202319', 'INV-18', '14', '0', '', '', null, null, '0', '0', '0', '0', '0', null, '2013-12-16 13:31:40', '1', '26', '1', '12:00:00', '12:00:00', 'U', '0', '0', '', '');
INSERT INTO `_pc_devices` VALUES ('115', 'INV-18-B27D27D1', '8 202193', 'INV-18', '101', '0', '', '', null, null, '0', '0', '0', '0', '0', null, '2013-12-11 16:40:58', '1', '26', '1', '12:00:00', '12:00:00', 'U', '0', '0', '', '');
INSERT INTO `_pc_devices` VALUES ('116', 'INV-18-B27D27D2', '8 202194', 'INV-18', '65', '0', '', '', null, null, '0', '0', '0', '0', '0', null, '2014-03-11 16:53:59', '1', '26', '1', '12:00:00', '12:00:00', 'U', '0', '0', '', '');
INSERT INTO `_pc_devices` VALUES ('119', 'INV-18-B27D2888', '8 202376', 'INV-18', '67', '0', '', '', null, null, '0', '0', '0', '0', '0', null, '2014-01-02 13:34:34', '1', '26', '1', '12:00:00', '12:00:00', 'U', '0', '0', '', '');
INSERT INTO `_pc_devices` VALUES ('121', 'INV-18-B27D2850', '8 202320', 'INV-18', '17', '0', '', '', null, null, '0', '0', '0', '0', '0', null, '2014-03-22 14:43:53', '1', '26', '1', '12:00:00', '12:00:00', 'U', '0', '0', '', '');
INSERT INTO `_pc_devices` VALUES ('122', 'INV-18-B27D2885', '8 202373', 'INV-18', '18', '0', '', '', null, null, '0', '0', '0', '0', '0', null, '2014-03-22 20:27:16', '1', '26', '1', '12:00:00', '12:00:00', 'U', '0', '0', '', '');
INSERT INTO `_pc_devices` VALUES ('126', 'INV-18-B27BBFBB', '8 110011', 'INV-18', '22', '0', '', '', null, null, '0', '0', '0', '0', '0', null, '2014-02-11 17:35:47', '1', '26', '1', '12:00:00', '12:00:00', 'U', '0', '0', '', '');
INSERT INTO `_pc_devices` VALUES ('127', 'INV-18-B27BBFE8', '8 110056', 'INV-18', '21', '0', '', '', null, null, '0', '0', '0', '0', '0', null, '2014-03-22 02:46:46', '1', '26', '1', '12:00:00', '12:00:00', 'U', '0', '0', '', '');
INSERT INTO `_pc_devices` VALUES ('128', 'INV-18-B27BC1D6', '8 110550', 'INV-18', '69', '0', '', '', null, null, '0', '0', '0', '0', '0', null, '2013-12-12 17:40:39', '1', '26', '1', '12:00:00', '12:00:00', 'U', '0', '0', '', '');
INSERT INTO `_pc_devices` VALUES ('129', 'INV-18-B27BC1DA', '8 110554', 'INV-18', '70', '0', '', '', null, null, '0', '0', '0', '0', '0', null, '2013-12-11 16:02:35', '1', '26', '1', '12:00:00', '12:00:00', 'U', '0', '0', '', '');
INSERT INTO `_pc_devices` VALUES ('131', 'INV-18-B27BC255', '8 110677', 'INV-18', '71', '0', '', '', null, null, '0', '0', '0', '0', '0', null, '2014-01-03 13:31:57', '1', '26', '1', '12:00:00', '12:00:00', 'U', '0', '0', '', '');
INSERT INTO `_pc_devices` VALUES ('133', 'INV-18-B27BBFBF', '8 110015', 'INV-18', '25', '0', '', '', null, null, '0', '0', '0', '0', '0', null, '2014-03-22 18:44:50', '1', '26', '1', '12:00:00', '12:00:00', 'U', '0', '0', '', '');
INSERT INTO `_pc_devices` VALUES ('134', 'INV-18-B27BBFD7', '8 110039', 'INV-18', '72', '0', '', '', null, null, '0', '0', '0', '0', '0', null, '2014-01-03 10:51:47', '1', '26', '1', '12:00:00', '12:00:00', 'U', '0', '0', '', '');
INSERT INTO `_pc_devices` VALUES ('136', 'INV-18-B27BC1B6', '8 110518', 'INV-18', '26', '0', '', '', null, null, '0', '0', '0', '0', '0', null, '2014-03-21 21:17:36', '1', '26', '1', '12:00:00', '12:00:00', 'U', '0', '0', '', '');
INSERT INTO `_pc_devices` VALUES ('137', 'INV-18-B27BC251', '8 110673', 'INV-18', '27', '0', '', '', null, null, '0', '0', '0', '0', '0', null, '2014-02-11 12:29:51', '1', '26', '1', '12:00:00', '12:00:00', 'U', '0', '0', '', '');
INSERT INTO `_pc_devices` VALUES ('138', 'INV-18-B27BC195', '8 110485', 'INV-18', '28', '0', '', '', null, null, '0', '0', '0', '0', '0', null, '2014-03-22 22:20:33', '1', '26', '1', '12:00:00', '12:00:00', 'U', '0', '0', '', '');
INSERT INTO `_pc_devices` VALUES ('141', 'INV-18-B27BBFDC', '8 110044', 'INV-18', '73', '0', '', '', null, null, '0', '0', '0', '0', '0', null, '2014-03-14 03:54:08', '1', '26', '1', '12:00:00', '12:00:00', 'U', '0', '0', '', '');
INSERT INTO `_pc_devices` VALUES ('142', 'INV-18-B27BBFC7', '8 110023', 'INV-18', '29', '0', '', '', null, null, '0', '0', '0', '0', '0', null, '2014-03-10 11:05:17', '1', '26', '1', '12:00:00', '12:00:00', 'U', '0', '0', '', '');
INSERT INTO `_pc_devices` VALUES ('144', 'INV-18-B27BC191', '8 110481', 'INV-18', '30', '0', '', '', null, null, '0', '0', '0', '0', '0', null, '2014-03-22 20:45:15', '1', '26', '1', '12:00:00', '12:00:00', 'U', '0', '0', '', '');
INSERT INTO `_pc_devices` VALUES ('145', 'INV-18-B27BBFC3', '8 110019', 'INV-18', '31', '0', '', '', null, null, '0', '0', '0', '0', '0', null, '2014-03-22 20:29:52', '1', '26', '1', '12:00:00', '12:00:00', 'U', '0', '0', '', '');
INSERT INTO `_pc_devices` VALUES ('146', 'INV-18-B27BC1D3', '8 110547', 'INV-18', '95', '0', '', '', null, null, '0', '0', '0', '0', '0', null, '2014-01-03 09:22:58', '1', '26', '1', '12:00:00', '12:00:00', 'U', '0', '0', '', '');
INSERT INTO `_pc_devices` VALUES ('147', 'INV-18-B27BC1E4', '8 110564', 'INV-18', '94', '0', '', '', null, null, '0', '0', '0', '0', '0', null, '2014-01-03 09:23:35', '1', '26', '1', '12:00:00', '12:00:00', 'U', '0', '0', '', '');
INSERT INTO `_pc_devices` VALUES ('148', 'INV-18-B27BBFDE', '8 110046', 'INV-18', '74', '0', '', '', null, null, '0', '0', '0', '0', '0', null, '2013-12-11 16:20:32', '1', '26', '1', '12:00:00', '12:00:00', 'U', '0', '0', '', '');
INSERT INTO `_pc_devices` VALUES ('149', 'INV-18-B27BC245', '8 110661', 'INV-18', '32', '0', '', '', null, null, '0', '0', '0', '0', '0', null, '2014-03-22 01:45:39', '1', '26', '1', '12:00:00', '12:00:00', 'U', '0', '0', '', '');
INSERT INTO `_pc_devices` VALUES ('151', 'INV-18-B27BC1DF', '8 110559', 'INV-18', '33', '0', '', '', null, null, '0', '0', '0', '0', '0', null, '2014-03-22 11:12:01', '1', '26', '1', '12:00:00', '12:00:00', 'U', '0', '0', '', '');
INSERT INTO `_pc_devices` VALUES ('153', 'INV-18-B27BBFCB', '8 110027', 'INV-18', '34', '0', '', '', null, null, '0', '0', '0', '0', '0', null, '2014-03-22 09:02:25', '1', '26', '1', '12:00:00', '12:00:00', 'U', '0', '0', '', '');
INSERT INTO `_pc_devices` VALUES ('155', 'INV-18-B27BC1F0', '8 110576', 'INV-18', '35', '0', '', '', null, null, '0', '0', '0', '0', '0', null, '2013-12-11 17:02:35', '1', '26', '1', '12:00:00', '12:00:00', 'U', '0', '0', '', '');
INSERT INTO `_pc_devices` VALUES ('156', 'INV-18-B27BBFE2', '8 110050', 'INV-18', '38', '0', '', '', null, null, '0', '0', '0', '0', '0', null, '2014-03-22 19:03:04', '1', '26', '1', '12:00:00', '12:00:00', 'U', '0', '0', '', '');
INSERT INTO `_pc_devices` VALUES ('157', 'INV-18-B27BBFB3', '8 110003', 'INV-18', '37', '0', '', '', null, null, '0', '0', '0', '0', '0', null, '2014-03-22 00:31:27', '1', '26', '1', '12:00:00', '12:00:00', 'U', '0', '0', '', '');
INSERT INTO `_pc_devices` VALUES ('158', 'INV-18-B27BC1AE', '8 110510', 'INV-18', '39', '0', '', '', null, null, '0', '0', '0', '0', '0', null, '2014-03-19 21:25:10', '1', '26', '1', '12:00:00', '12:00:00', 'U', '0', '0', '', '');
INSERT INTO `_pc_devices` VALUES ('159', 'INV-18-B27BC1A6', '8 110502', 'INV-18', '40', '0', '', '', null, null, '0', '0', '0', '0', '0', null, '2014-03-22 19:54:27', '1', '26', '1', '12:00:00', '12:00:00', 'U', '0', '0', '', '');
INSERT INTO `_pc_devices` VALUES ('160', 'INV-18-B27BC1D7', '8 110551', 'INV-18', '75', '0', '', '', null, null, '0', '0', '0', '0', '0', null, '2014-01-29 10:50:52', '1', '26', '1', '12:00:00', '12:00:00', 'U', '0', '0', '', '');
INSERT INTO `_pc_devices` VALUES ('161', 'INV-18-B27BC19D', '8 110493', 'INV-18', '76', '0', '', '', null, null, '0', '0', '0', '0', '0', null, '2013-12-11 15:58:08', '1', '26', '1', '12:00:00', '12:00:00', 'U', '0', '0', '', '');
INSERT INTO `_pc_devices` VALUES ('162', 'INV-18-B27BBFD3', '8 110035', 'INV-18', '41', '0', '', '', null, null, '0', '0', '0', '0', '0', null, '2014-03-22 19:42:29', '1', '26', '1', '12:00:00', '12:00:00', 'U', '0', '0', '', '');
INSERT INTO `_pc_devices` VALUES ('163', 'INV-18-B27BBFEA', '8 110058', 'INV-18', '77', '0', '', '', null, null, '0', '0', '0', '0', '0', null, '2013-12-11 16:07:43', '1', '26', '1', '12:00:00', '12:00:00', 'U', '0', '0', '', '');
INSERT INTO `_pc_devices` VALUES ('167', 'INV-18-B27BC1CE', '8 110542', 'INV-18', '43', '0', '', '', null, null, '0', '0', '0', '0', '0', null, '2014-03-22 20:26:13', '1', '26', '1', '12:00:00', '12:00:00', 'U', '0', '0', '', '');
INSERT INTO `_pc_devices` VALUES ('174', 'INV-18-B27C10AD', '8 130733', 'INV-18', '78', '0', '', '', null, null, '0', '0', '0', '0', '0', null, '2014-02-28 12:51:49', '1', '26', '1', '12:00:00', '12:00:00', 'U', '0', '0', '', '');
INSERT INTO `_pc_devices` VALUES ('176', 'INV-18-B27BBFE4', '8 110052', 'INV-18', '80', '0', '', '', null, null, '0', '0', '0', '0', '0', null, '2014-01-03 14:43:32', '1', '26', '1', '12:00:00', '12:00:00', 'U', '0', '0', '', '');
INSERT INTO `_pc_devices` VALUES ('177', 'INV-18-B27BBFE6', '8 110054', 'INV-18', '79', '0', '', '', null, null, '0', '0', '0', '0', '0', null, '2014-03-21 16:50:01', '1', '26', '1', '12:00:00', '12:00:00', 'U', '0', '0', '', '');
INSERT INTO `_pc_devices` VALUES ('179', 'INV-18-B27C18BB', '8 132795', 'INV-18', '47', '0', '', '', null, null, '0', '0', '0', '0', '0', null, '2014-03-11 05:54:15', '1', '26', '1', '12:00:00', '12:00:00', 'U', '0', '0', '', '');
INSERT INTO `_pc_devices` VALUES ('181', 'INV-18-B27C0FC5', '8 130501', 'INV-18', '109', '0', '', '', null, null, '0', '0', '0', '0', '0', null, '2014-03-21 20:34:59', '1', '26', '1', '12:00:00', '12:00:00', 'U', '0', '0', '', '');
INSERT INTO `_pc_devices` VALUES ('182', 'INV-18-B27C0FD2', '8 130514', 'INV-18', '49', '0', '', '', null, null, '0', '0', '0', '0', '0', null, '2014-03-22 18:21:37', '1', '26', '1', '12:00:00', '12:00:00', 'U', '0', '0', '', '');
INSERT INTO `_pc_devices` VALUES ('183', 'INV-18-B27C0F56', '8 130390', 'INV-18', '81', '0', '', '', null, null, '0', '0', '0', '0', '0', null, '2013-12-11 17:06:02', '1', '26', '1', '12:00:00', '12:00:00', 'U', '0', '0', '', '');
INSERT INTO `_pc_devices` VALUES ('184', 'INV-18-B27C18C5', '8 132805', 'INV-18', '50', '0', '', '', null, null, '0', '0', '0', '0', '0', null, '2014-02-27 11:03:51', '1', '26', '1', '12:00:00', '12:00:00', 'U', '0', '0', '', '');
INSERT INTO `_pc_devices` VALUES ('186', 'INV-18-B27C10B5', '8 130741', 'INV-18', '83', '0', '', '', null, null, '0', '0', '0', '0', '0', null, '2014-01-29 13:36:18', '1', '26', '1', '12:00:00', '12:00:00', 'U', '0', '0', '', '');
INSERT INTO `_pc_devices` VALUES ('187', 'INV-18-B27C18B3', '8 132787', 'INV-18', '51', '0', '', '', null, null, '0', '0', '0', '0', '0', null, '2014-03-19 14:44:54', '1', '26', '1', '12:00:00', '12:00:00', 'U', '0', '0', '', '');
INSERT INTO `_pc_devices` VALUES ('192', 'INV-18-B27C18CB', '8 132811', 'INV-18', '54', '0', '', '', null, null, '0', '0', '0', '0', '0', null, '2014-03-16 02:21:06', '1', '26', '1', '12:00:00', '12:00:00', 'U', '0', '0', '', '');
INSERT INTO `_pc_devices` VALUES ('196', 'INV-18-B27C18B7', '8 132791', 'INV-18', '55', '0', '', '', null, null, '0', '0', '0', '0', '0', null, '2014-02-22 18:26:37', '1', '26', '1', '12:00:00', '12:00:00', 'U', '0', '0', '', '');
INSERT INTO `_pc_devices` VALUES ('197', 'INV-18-B27BC1CF', '8 110543', 'INV-18', '99', '0', '', '', null, null, '0', '0', '0', '0', '0', null, '2014-03-22 20:09:27', '1', '26', '1', '12:00:00', '12:00:00', 'U', '0', '0', '', '');
INSERT INTO `_pc_devices` VALUES ('198', 'INV-18-B27C0FC4', '8 130500', 'INV-18', '56', '0', '', '', null, null, '0', '0', '0', '0', '0', null, '2014-03-21 18:43:28', '1', '26', '1', '12:00:00', '12:00:00', 'U', '0', '0', '', '');
INSERT INTO `_pc_devices` VALUES ('199', 'INV-18-B27C18C3', '8 132803', 'INV-18', '84', '0', '', '', null, null, '0', '0', '0', '0', '0', null, '2014-03-22 16:33:29', '1', '26', '1', '12:00:00', '12:00:00', 'U', '0', '0', '', '');
INSERT INTO `_pc_devices` VALUES ('202', 'INV-18-B27C10B1', '8 130737', 'INV-18', '58', '0', '', '', null, null, '0', '0', '0', '0', '0', null, '2014-03-05 10:24:39', '1', '26', '1', '12:00:00', '12:00:00', 'U', '0', '0', '', '');
INSERT INTO `_pc_devices` VALUES ('205', 'INV-18-B27C0FB7', '8 130487', 'INV-18', '60', '0', '', '', null, null, '0', '0', '0', '0', '0', null, '2014-03-22 01:57:57', '1', '26', '1', '12:00:00', '12:00:00', 'U', '0', '0', '', '');
INSERT INTO `_pc_devices` VALUES ('206', 'INV-18-B27C18BD', '8 132797', 'INV-18', '86', '0', '', '', null, null, '0', '0', '0', '0', '0', null, '2013-12-11 17:03:03', '1', '26', '1', '12:00:00', '12:00:00', 'U', '0', '0', '', '');
INSERT INTO `_pc_devices` VALUES ('208', 'INV-18-B27C18B6', '8 132790', 'INV-18', '88', '0', '', '', null, null, '0', '0', '0', '0', '0', null, '2014-03-10 13:54:58', '1', '26', '1', '12:00:00', '12:00:00', 'U', '0', '0', '', '');
INSERT INTO `_pc_devices` VALUES ('213', 'INV-0C-B27BF645', '8 123973', 'INV-0C', '0', '53', 'Bathroom', '', null, null, '0', '0', '0', '0', '0', null, '2014-03-13 18:12:22', '1', '32', '1', '12:00:00', '12:00:00', 'U', '2', '0', '', '');
INSERT INTO `_pc_devices` VALUES ('214', 'INV-0C-B27BF637', '8 123959', 'INV-0C', '0', '54', 'Bathroom', '', null, null, '0', '0', '0', '0', '0', null, '2014-03-21 22:53:27', '1', '32', '1', '12:00:00', '12:00:00', 'U', '2', '0', '', '');
INSERT INTO `_pc_devices` VALUES ('215', 'INV-0C-B27BF62F', '8 123951', 'INV-0C', '0', '54', 'Bedroom', '', null, null, '0', '0', '0', '0', '0', null, '2014-02-21 23:02:25', '1', '32', '1', '12:00:00', '12:00:00', 'U', '4', '0', '', '');
INSERT INTO `_pc_devices` VALUES ('216', 'INV-0C-B27BF641', '8 123969', 'INV-0C', '0', '55', 'Bathroom', '', null, null, '0', '0', '0', '0', '0', null, '2014-03-15 08:10:22', '1', '32', '1', '12:00:00', '12:00:00', 'U', '2', '0', '', '');
INSERT INTO `_pc_devices` VALUES ('217', 'INV-0C-B27C24E5', '8 135909', 'INV-0C', '0', '57', 'Bathroom', '', null, null, '0', '0', '0', '0', '0', null, '2014-03-10 12:48:07', '1', '32', '1', '12:00:00', '12:00:00', 'U', '2', '0', '', '');
INSERT INTO `_pc_devices` VALUES ('218', 'INV-0C-B27BF5A4', '8 123812', 'INV-0C', '0', '58', 'Bathroom', '', null, null, '0', '0', '0', '0', '0', null, '2013-12-30 07:51:41', '1', '32', '1', '12:00:00', '12:00:00', 'U', '2', '0', '', '');
INSERT INTO `_pc_devices` VALUES ('219', 'INV-0C-B27C4880', '8 145024', 'INV-0C', '0', '58', 'Bedroom', '', null, null, '0', '0', '0', '0', '0', null, '2014-02-22 12:19:28', '1', '32', '1', '12:00:00', '12:00:00', 'U', '4', '0', '', '');
INSERT INTO `_pc_devices` VALUES ('220', 'INV-0C-B27BFA99', '8 125081', 'INV-0C', '0', '59', 'Bathroom', '', null, null, '0', '0', '0', '0', '0', null, '2014-03-17 20:10:52', '1', '32', '1', '12:00:00', '12:00:00', 'U', '2', '0', '', '');
INSERT INTO `_pc_devices` VALUES ('221', 'INV-0C-B27BF596', '8 123798', 'INV-0C', '0', '60', 'Bathroom', '', null, null, '0', '0', '0', '0', '0', null, '2014-03-20 18:10:02', '1', '32', '1', '12:00:00', '12:00:00', 'U', '2', '0', '', '');
INSERT INTO `_pc_devices` VALUES ('222', 'INV-0C-B27C4842', '8 144962', 'INV-0C', '0', '63', 'Bathroom', '', null, null, '0', '0', '0', '0', '0', null, '2014-02-28 10:32:06', '1', '32', '1', '12:00:00', '12:00:00', 'U', '2', '0', '', '');
INSERT INTO `_pc_devices` VALUES ('223', 'INV-0C-B27C4AAC', '8 145580', 'INV-0C', '0', '64', 'Bathroom', '', null, null, '0', '0', '0', '0', '0', null, '2014-02-05 12:34:09', '1', '32', '1', '12:00:00', '12:00:00', 'U', '2', '0', '', '');
INSERT INTO `_pc_devices` VALUES ('224', 'INV-0C-B27C484A', '8 144970', 'INV-0C', '0', '65', 'Bathroom', '', null, null, '0', '0', '0', '0', '0', null, '2013-12-12 21:50:23', '1', '32', '1', '12:00:00', '12:00:00', 'U', '2', '0', '', '');
INSERT INTO `_pc_devices` VALUES ('225', 'INV-0C-B27C48ED', '8 145133', 'INV-0C', '0', '66', 'Bathroom', '', null, null, '0', '0', '0', '0', '0', null, '2014-03-15 08:08:24', '1', '32', '1', '12:00:00', '12:00:00', 'U', '2', '0', '', '');
INSERT INTO `_pc_devices` VALUES ('226', 'INV-0C-B27C46EB', '8 144619', 'INV-0C', '0', '68', 'Bathroom', '', null, null, '0', '0', '0', '0', '0', null, '2014-01-15 09:47:50', '1', '32', '1', '12:00:00', '12:00:00', 'U', '2', '0', '', '');
INSERT INTO `_pc_devices` VALUES ('227', 'INV-0C-B27C4AB8', '8 145592', 'INV-0C', '0', '69', 'Bathroom', '', null, null, '0', '0', '0', '0', '0', null, '2014-02-22 01:01:28', '1', '32', '1', '12:00:00', '12:00:00', 'U', '2', '0', '', '');
INSERT INTO `_pc_devices` VALUES ('228', 'INV-0C-B27C4AA8', '8 145576', 'INV-0C', '0', '70', 'Bathroom', '', null, null, '0', '0', '0', '0', '0', null, '2014-03-11 07:14:05', '1', '32', '1', '12:00:00', '12:00:00', 'U', '2', '0', '', '');
INSERT INTO `_pc_devices` VALUES ('229', 'INV-0C-B27C47A1', '8 144801', 'INV-0C', '0', '71', 'Bathroom', '', null, null, '0', '0', '0', '0', '0', null, '2013-12-23 16:59:16', '1', '32', '1', '12:00:00', '12:00:00', 'U', '2', '0', '', '');
INSERT INTO `_pc_devices` VALUES ('230', 'INV-0C-B27C4932', '8 145202', 'INV-0C', '0', '72', 'Bathroom', '', null, null, '0', '0', '0', '0', '0', null, '2014-03-02 13:47:48', '1', '32', '1', '12:00:00', '12:00:00', 'U', '2', '0', '', '');
INSERT INTO `_pc_devices` VALUES ('231', 'INV-0C-B27C4A85', '8 145541', 'INV-0C', '0', '73', 'Bathroom', '', null, null, '0', '0', '0', '0', '0', null, '2014-03-14 13:28:20', '1', '32', '1', '12:00:00', '12:00:00', 'U', '2', '0', '', '');
INSERT INTO `_pc_devices` VALUES ('232', 'INV-0C-B27C4999', '8 145305', 'INV-0C', '0', '74', 'Bathroom', '', null, null, '0', '0', '0', '0', '0', null, '2014-03-10 22:34:24', '1', '32', '1', '12:00:00', '12:00:00', 'U', '2', '0', '', '');
INSERT INTO `_pc_devices` VALUES ('233', 'INV-0C-B27BFA91', '8 125073', 'INV-0C', '0', '74', 'Bedroom', '', null, null, '0', '0', '0', '0', '0', null, '2014-03-21 13:03:33', '1', '32', '1', '12:00:00', '12:00:00', 'U', '4', '0', '', '');
INSERT INTO `_pc_devices` VALUES ('234', 'INV-0C-B27BFA89', '8 125065', 'INV-0C', '0', '75', 'Bathroom', '', null, null, '0', '0', '0', '0', '0', null, '2014-03-10 12:44:14', '1', '32', '1', '12:00:00', '12:00:00', 'U', '2', '0', '', '');
INSERT INTO `_pc_devices` VALUES ('235', 'INV-0C-B27BF562', '8 123746', 'INV-0C', '0', '76', 'Bathroom', '', null, null, '0', '0', '0', '0', '0', null, '2014-03-22 06:32:59', '1', '32', '1', '12:00:00', '12:00:00', 'U', '2', '0', '', '');
INSERT INTO `_pc_devices` VALUES ('236', 'INV-0C-B27C47A9', '8 144809', 'INV-0C', '0', '77', 'Bathroom', '', null, null, '0', '0', '0', '0', '0', null, '2014-03-06 10:34:18', '1', '32', '1', '12:00:00', '12:00:00', 'U', '2', '0', '', '');
INSERT INTO `_pc_devices` VALUES ('237', 'INV-0C-B27C49F0', '8 145392', 'INV-0C', '0', '78', 'Bathroom', '', null, null, '0', '0', '0', '0', '0', null, '2013-12-20 22:17:49', '1', '32', '1', '12:00:00', '12:00:00', 'U', '2', '0', '', '');
INSERT INTO `_pc_devices` VALUES ('238', 'INV-0C-B27BF627', '8 123943', 'INV-0C', '0', '79', 'Bathroom', '', null, null, '0', '0', '0', '0', '0', null, '2014-03-21 23:08:24', '1', '32', '1', '12:00:00', '12:00:00', 'U', '2', '0', '', '');
INSERT INTO `_pc_devices` VALUES ('239', 'INV-0C-B27C4AB0', '8 145584', 'INV-0C', '0', '80', 'Bathroom', '', null, null, '0', '0', '0', '0', '0', null, '2014-03-15 18:52:23', '1', '32', '1', '12:00:00', '12:00:00', 'U', '2', '0', '', '');
INSERT INTO `_pc_devices` VALUES ('240', 'INV-0C-B27C48F5', '8 145141', 'INV-0C', '0', '81', 'Bathroom', '', null, null, '0', '0', '0', '0', '0', null, '2014-02-26 11:28:09', '1', '32', '1', '12:00:00', '12:00:00', 'U', '2', '0', '', '');
INSERT INTO `_pc_devices` VALUES ('241', 'INV-0C-B27C483E', '8 144958', 'INV-0C', '0', '82', 'Bathroom', '', null, null, '0', '0', '0', '0', '0', null, '2013-12-12 10:47:59', '1', '32', '1', '12:00:00', '12:00:00', 'U', '2', '0', '', '');
INSERT INTO `_pc_devices` VALUES ('242', 'INV-0C-B27BF592', '8 123794', 'INV-0C', '0', '83', 'Bathroom', '', null, null, '0', '0', '0', '0', '0', null, '2014-03-22 02:47:35', '1', '32', '1', '12:00:00', '12:00:00', 'U', '2', '0', '', '');
INSERT INTO `_pc_devices` VALUES ('243', 'INV-0C-B27C2AA4', '8 137380', 'INV-0C', '0', '84', 'Bathroom', '', null, null, '0', '0', '0', '0', '0', null, '2014-03-19 17:51:27', '1', '32', '1', '12:00:00', '12:00:00', 'U', '2', '0', '', '');
INSERT INTO `_pc_devices` VALUES ('244', 'INV-0C-B27C4936', '8 145206', 'INV-0C', '0', '85', 'Bathroom', '', null, null, '0', '0', '0', '0', '0', null, '2014-03-09 19:45:40', '1', '32', '1', '12:00:00', '12:00:00', 'U', '2', '0', '', '');
INSERT INTO `_pc_devices` VALUES ('245', 'INV-0C-B27C492E', '8 145198', 'INV-0C', '0', '86', 'Bathroom', '', null, null, '0', '0', '0', '0', '0', null, '2014-03-18 11:16:09', '1', '32', '1', '12:00:00', '12:00:00', 'U', '2', '0', '', '');
INSERT INTO `_pc_devices` VALUES ('246', 'INV-0C-B27C499D', '8 145309', 'INV-0C', '0', '86', 'Bedroom', '', null, null, '0', '0', '0', '0', '0', null, '2013-12-12 11:08:10', '1', '32', '1', '12:00:00', '12:00:00', 'U', '4', '0', '', '');
INSERT INTO `_pc_devices` VALUES ('247', 'INV-0C-B27C483C', '8 144956', 'INV-0C', '0', '87', 'Bathroom', '', null, null, '0', '0', '0', '0', '0', null, '2014-02-13 12:31:42', '1', '32', '1', '12:00:00', '12:00:00', 'U', '2', '0', '', '');
INSERT INTO `_pc_devices` VALUES ('248', 'INV-0C-B27BF753', '8 124243', 'INV-0C', '0', '88', 'Bathroom', '', null, null, '0', '0', '0', '0', '0', null, '2013-12-12 11:10:16', '1', '32', '1', '12:00:00', '12:00:00', 'U', '2', '0', '', '');
INSERT INTO `_pc_devices` VALUES ('249', 'INV-0C-B27BF630', '8 123952', 'INV-0C', '0', '90', 'Bathroom', '', null, null, '0', '0', '0', '0', '0', null, '2014-03-03 11:01:26', '1', '32', '1', '12:00:00', '12:00:00', 'U', '2', '0', '', '');
INSERT INTO `_pc_devices` VALUES ('250', 'INV-0C-B27BF644', '8 123972', 'INV-0C', '0', '92', 'Bathroom', '', null, null, '0', '0', '0', '0', '0', null, '2013-12-12 11:46:06', '1', '32', '1', '12:00:00', '12:00:00', 'U', '2', '0', '', '');
INSERT INTO `_pc_devices` VALUES ('251', 'INV-0C-B27C46F3', '8 144627', 'INV-0C', '0', '93', 'Bathroom', '', null, null, '0', '0', '0', '0', '0', null, '2013-12-12 11:20:17', '1', '32', '1', '12:00:00', '12:00:00', 'U', '2', '0', '', '');
INSERT INTO `_pc_devices` VALUES ('252', 'INV-0C-B27BF63A', '8 123962', 'INV-0C', '0', '94', 'Bathroom', '', null, null, '0', '0', '0', '0', '0', null, '2014-03-19 21:00:55', '1', '32', '1', '12:00:00', '12:00:00', 'U', '2', '0', '', '');
INSERT INTO `_pc_devices` VALUES ('253', 'INV-0C-B27C4703', '8 144643', 'INV-0C', '0', '95', 'Bathroom', '', null, null, '0', '0', '0', '0', '0', null, '2014-02-16 21:18:03', '1', '32', '1', '12:00:00', '12:00:00', 'U', '2', '0', '', '');
INSERT INTO `_pc_devices` VALUES ('254', 'INV-0C-B27C46FF', '8 144639', 'INV-0C', '0', '96', 'Bathroom', '', null, null, '0', '0', '0', '0', '0', null, null, '1', '32', '1', '12:00:00', '12:00:00', 'U', '2', '0', '', '');
INSERT INTO `_pc_devices` VALUES ('255', 'INV-0C-B27C4840', '8 144960', 'INV-0C', '0', '102', 'Bathroom', '', null, null, '0', '0', '0', '0', '0', null, '2014-03-21 23:02:13', '1', '32', '1', '12:00:00', '12:00:00', 'U', '2', '0', '', '');
INSERT INTO `_pc_devices` VALUES ('256', 'INV-0C-B27C483A', '8 144954', 'INV-0C', '0', '103', 'Bathroom', '', null, null, '0', '0', '0', '0', '0', null, '2014-02-04 17:40:03', '1', '32', '1', '12:00:00', '12:00:00', 'U', '2', '0', '', '');
INSERT INTO `_pc_devices` VALUES ('257', 'INV-0C-B27C4718', '8 144664', 'INV-0C', '0', '103', 'Bedroom', '', null, null, '0', '0', '0', '0', '0', null, '2014-02-24 18:25:15', '1', '32', '1', '12:00:00', '12:00:00', 'U', '4', '0', '', '');
INSERT INTO `_pc_devices` VALUES ('258', 'INV-0C-B27BF648', '8 123976', 'INV-0C', '0', '104', 'Bathroom', '', null, null, '0', '0', '0', '0', '0', null, '2014-03-11 10:35:47', '1', '32', '1', '12:00:00', '12:00:00', 'U', '2', '0', '', '');
INSERT INTO `_pc_devices` VALUES ('259', 'INV-0C-B27BF64A', '8 123978', 'INV-0C', '0', '105', 'Bathroom', '', null, null, '0', '0', '0', '0', '0', null, '2014-01-15 06:15:15', '1', '32', '1', '12:00:00', '12:00:00', 'U', '2', '0', '', '');
INSERT INTO `_pc_devices` VALUES ('260', 'INV-0C-B27BF63C', '8 123964', 'INV-0C', '0', '107', 'Bathroom', '', null, null, '0', '0', '0', '0', '0', null, '2013-12-12 11:57:50', '1', '32', '1', '12:00:00', '12:00:00', 'U', '2', '0', '', '');
INSERT INTO `_pc_devices` VALUES ('261', 'INV-0C-B27BF646', '8 123974', 'INV-0C', '0', '108', 'Bathroom', '', null, null, '0', '0', '0', '0', '0', null, '2013-12-19 11:49:21', '1', '32', '1', '12:00:00', '12:00:00', 'U', '2', '0', '', '');
INSERT INTO `_pc_devices` VALUES ('262', 'INV-0C-B27C4846', '8 144966', 'INV-0C', '0', '109', 'Bathroom', '', null, null, '0', '0', '0', '0', '0', null, '2013-12-12 11:59:10', '1', '32', '1', '12:00:00', '12:00:00', 'U', '2', '0', '', '');
INSERT INTO `_pc_devices` VALUES ('263', 'INV-0C-B27BF64C', '8 123980', 'INV-0C', '0', '110', 'Bathroom', '', null, null, '0', '0', '0', '0', '0', null, '2014-02-18 08:37:08', '1', '32', '1', '12:00:00', '12:00:00', 'U', '2', '0', '', '');
INSERT INTO `_pc_devices` VALUES ('264', 'INV-0C-B27BF642', '8 123970', 'INV-0C', '0', '113', 'Bathroom', '', null, null, '0', '0', '0', '0', '0', null, '2013-12-12 12:12:58', '1', '32', '1', '12:00:00', '12:00:00', 'U', '2', '0', '', '');
INSERT INTO `_pc_devices` VALUES ('265', 'INV-0C-B27BF632', '8 123954', 'INV-0C', '0', '114', 'Bathroom', '', null, null, '0', '0', '0', '0', '0', null, '2014-03-19 18:11:53', '1', '32', '1', '12:00:00', '12:00:00', 'U', '2', '0', '', '');
INSERT INTO `_pc_devices` VALUES ('266', 'INV-0C-B27C48F9', '8 145145', 'INV-0C', '0', '115', 'Bathroom', '', null, null, '0', '0', '0', '0', '0', null, '2013-12-12 12:10:29', '1', '32', '1', '12:00:00', '12:00:00', 'U', '2', '0', '', '');
INSERT INTO `_pc_devices` VALUES ('267', 'INV-0C-B27BF617', '8 123927', 'INV-0C', '0', '116', 'Bathroom', '', null, null, '0', '0', '0', '0', '0', null, '2013-12-12 12:21:54', '1', '32', '1', '12:00:00', '12:00:00', 'U', '2', '0', '', '');
INSERT INTO `_pc_devices` VALUES ('268', 'INV-0C-B27C4710', '8 144656', 'INV-0C', '0', '117', 'Bathroom', '', null, null, '0', '0', '0', '0', '0', null, '2014-03-10 17:54:38', '1', '32', '1', '12:00:00', '12:00:00', 'U', '2', '0', '', '');
INSERT INTO `_pc_devices` VALUES ('269', 'INV-0C-B27C492A', '8 145194', 'INV-0C', '0', '118', 'Bathroom', '', null, null, '0', '0', '0', '0', '0', null, '2014-03-12 07:02:14', '1', '32', '1', '12:00:00', '12:00:00', 'U', '2', '0', '', '');
INSERT INTO `_pc_devices` VALUES ('270', 'INV-0C-B27C47A5', '8 144805', 'INV-0C', '0', '118', 'Bedroom', '', null, null, '0', '0', '0', '0', '0', null, '2013-12-12 12:23:29', '1', '32', '1', '12:00:00', '12:00:00', 'U', '4', '0', '', '');
INSERT INTO `_pc_devices` VALUES ('271', 'INV-0C-B27BF62B', '8 123947', 'INV-0C', '0', '119', 'Bathroom', '', null, null, '0', '0', '0', '0', '0', null, '2014-02-07 09:21:55', '1', '32', '1', '12:00:00', '12:00:00', 'U', '2', '0', '', '');
INSERT INTO `_pc_devices` VALUES ('272', 'INV-0C-B27BF7F4', '8 124404', 'INV-0C', '0', '120', 'Bathroom', '', null, null, '0', '0', '0', '0', '0', null, '2014-01-09 09:39:38', '1', '32', '1', '12:00:00', '12:00:00', 'U', '2', '0', '', '');
INSERT INTO `_pc_devices` VALUES ('273', 'INV-0C-B27C4A52', '8 145490', 'INV-0C', '0', '59', 'Bedroom', '', null, null, '0', '0', '0', '0', '0', null, '2014-01-15 20:07:21', '1', '32', '1', '12:00:00', '12:00:00', 'U', '4', '0', '', '');
INSERT INTO `_pc_devices` VALUES ('274', 'INV-0C-B27BF63E', '8 123966', 'INV-0C', '0', '122', 'Bathroom', '', null, null, '0', '0', '0', '0', '0', null, '2014-03-14 12:17:18', '1', '32', '1', '12:00:00', '12:00:00', 'U', '2', '0', '', '');
INSERT INTO `_pc_devices` VALUES ('275', 'INV-0C-B27C49AF', '8 145327', 'INV-0C', '0', '95', 'Bedroom', '', null, null, '0', '0', '0', '0', '0', null, '2013-12-12 11:29:52', '1', '32', '1', '12:00:00', '12:00:00', 'U', '4', '0', '', '');
INSERT INTO `_pc_devices` VALUES ('276', 'INV-0C-B27C4970', '8 145264', 'INV-0C', '0', '104', 'Bedroom', '', null, null, '0', '0', '0', '0', '0', null, '2013-12-12 11:49:01', '1', '32', '1', '12:00:00', '12:00:00', 'U', '4', '0', '', '');
INSERT INTO `_pc_devices` VALUES ('277', 'INV-0C-B27C2747', '8 136519', 'INV-0C', '0', '102', 'Bedroom', '', null, null, '0', '0', '0', '0', '0', null, '2014-03-22 16:14:56', '1', '32', '1', '12:00:00', '12:00:00', 'U', '4', '0', '', '');
INSERT INTO `_pc_devices` VALUES ('278', 'INV-0C-B27C4A7A', '8 145530', 'INV-0C', '0', '79', 'Bedroom', '', null, null, '0', '0', '0', '0', '0', null, '2014-02-14 21:29:13', '1', '32', '1', '12:00:00', '12:00:00', 'U', '4', '0', '', '');
INSERT INTO `_pc_devices` VALUES ('279', 'INV-0C-B27BF638', '8 123960', 'INV-0C', '0', '77', 'Bedroom', '', null, null, '0', '0', '0', '0', '0', null, '2013-12-12 10:24:50', '1', '32', '1', '12:00:00', '12:00:00', 'U', '4', '0', '', '');
INSERT INTO `_pc_devices` VALUES ('280', 'INV-0C-B27C4921', '8 145185', 'INV-0C', '0', '115', 'Bedroom', '', null, null, '0', '0', '0', '0', '0', null, '2014-03-22 22:34:27', '1', '32', '1', '12:00:00', '12:00:00', 'U', '4', '0', '', '');
INSERT INTO `_pc_devices` VALUES ('281', 'INV-0C-B27C49A3', '8 145315', 'INV-0C', '0', '117', 'Bedroom', '', null, null, '0', '0', '0', '0', '0', null, '2013-12-12 12:27:52', '1', '32', '1', '12:00:00', '12:00:00', 'U', '4', '0', '', '');
INSERT INTO `_pc_devices` VALUES ('282', 'INV-0C-B27C481B', '8 144923', 'INV-0C', '0', '77', 'Bedroom', '', null, null, '0', '0', '0', '0', '0', null, '2014-01-25 08:54:41', '1', '32', '1', '12:00:00', '12:00:00', 'U', '4', '0', '', '');
INSERT INTO `_pc_devices` VALUES ('283', 'INV-0C-B27BF722', '8 124194', 'INV-0C', '0', '196', 'Bathroom', '', null, null, '0', '0', '0', '0', '0', null, '2014-01-02 05:32:23', '1', '32', '1', '12:00:00', '12:00:00', 'U', '2', '0', '', '');
INSERT INTO `_pc_devices` VALUES ('284', 'INV-0C-B27C4978', '8 145272', 'INV-0C', '0', '84', 'Bedroom', '', null, null, '0', '0', '0', '0', '0', null, '2014-03-19 08:21:54', '1', '32', '1', '12:00:00', '12:00:00', 'U', '4', '0', '', '');
INSERT INTO `_pc_devices` VALUES ('285', 'INV-0C-B27C4959', '8 145241', 'INV-0C', '0', '93', 'Bedroom', '', null, null, '0', '0', '0', '0', '0', null, '2013-12-12 11:23:26', '1', '32', '1', '12:00:00', '12:00:00', 'U', '4', '0', '', '');
INSERT INTO `_pc_devices` VALUES ('286', 'INV-0C-B27C471E', '8 144670', 'INV-0C', '0', '70', 'Bedroom', '', null, null, '0', '0', '0', '0', '0', null, '2013-12-12 09:41:55', '1', '32', '1', '12:00:00', '12:00:00', 'U', '4', '0', '', '');
INSERT INTO `_pc_devices` VALUES ('288', 'INV-0C-B27C4855', '8 144981', 'INV-0C', '0', '70', 'Bedroom', '', null, null, '0', '0', '0', '0', '0', null, '2013-12-12 09:49:27', '1', '32', '1', '12:00:00', '12:00:00', 'U', '4', '0', '', '');
INSERT INTO `_pc_devices` VALUES ('289', 'INV-0C-B27C24E1', '8 135905', 'INV-0C', '0', '120', 'Bedroom', '', null, null, '0', '0', '0', '0', '0', null, '2014-02-16 01:03:14', '1', '32', '1', '12:00:00', '12:00:00', 'U', '4', '0', '', '');
INSERT INTO `_pc_devices` VALUES ('290', 'INV-0C-B27BF64D', '8 123981', 'INV-0C', '0', '71', 'Bedroom', '', null, null, '0', '0', '0', '0', '0', null, '2013-12-12 10:10:10', '1', '32', '1', '12:00:00', '12:00:00', 'U', '4', '0', '', '');
INSERT INTO `_pc_devices` VALUES ('291', 'INV-0C-B27BF649', '8 123977', 'INV-0C', '0', '75', 'Bedroom', '', null, null, '0', '0', '0', '0', '0', null, '2013-12-12 10:23:03', '1', '32', '1', '12:00:00', '12:00:00', 'U', '4', '0', '', '');
INSERT INTO `_pc_devices` VALUES ('292', 'INV-0C-B27C273F', '8 136511', 'INV-0C', '0', '60', 'Bedroom', '', null, null, '0', '0', '0', '0', '0', null, '2014-02-06 15:55:01', '1', '32', '1', '12:00:00', '12:00:00', 'U', '4', '0', '', '');
INSERT INTO `_pc_devices` VALUES ('296', 'INV-0C-B27C496C', '8 145260', 'INV-0C', '0', '27', '', '', null, null, '0', '0', '0', '0', '0', null, '2013-12-12 17:43:25', '1', '32', '1', '12:00:00', '12:00:00', 'U', '2', '0', '', '');
INSERT INTO `_pc_devices` VALUES ('297', 'INV-0C-B27C4974', '8 145268', 'INV-0C', '0', '28', 'Bathroom', '', null, null, '0', '0', '0', '0', '0', null, '2013-12-12 17:41:11', '1', '32', '1', '12:00:00', '12:00:00', 'U', '2', '0', '', '');
INSERT INTO `_pc_devices` VALUES ('298', 'INV-0C-B27C49AB', '8 145323', 'INV-0C', '0', '29', 'Bathroom', '', null, null, '0', '0', '0', '0', '0', null, '2014-01-16 17:44:50', '1', '32', '1', '12:00:00', '12:00:00', 'U', '2', '0', '', '');
INSERT INTO `_pc_devices` VALUES ('299', 'INV-0C-B27C4951', '8 145233', 'INV-0C', '0', '30', 'Bathroom', '', null, null, '0', '0', '0', '0', '0', null, '2014-03-20 14:04:45', '1', '32', '1', '12:00:00', '12:00:00', 'U', '2', '0', '', '');
INSERT INTO `_pc_devices` VALUES ('303', 'INV-0C-B27C4968', '8 145256', 'INV-0C', '0', '121', 'Living Room', '', null, null, '0', '0', '0', '0', '0', null, '2014-02-23 09:40:02', '1', '32', '1', '12:00:00', '12:00:00', 'U', '7', '0', '', '');
INSERT INTO `_pc_devices` VALUES ('304', 'INV-0C-B27C4A33', '8 145459', 'INV-0C', '0', '121', 'Bedroom', '', null, null, '0', '0', '0', '0', '0', null, '2014-02-22 22:07:18', '1', '32', '1', '12:00:00', '12:00:00', 'U', '4', '0', '', '');
INSERT INTO `_pc_devices` VALUES ('305', 'INV-0C-B27BF7F8', '8 124408', 'INV-0C', '0', '32', 'Bathroom', '', null, null, '0', '0', '0', '0', '0', null, '2013-12-23 01:02:53', '1', '32', '1', '12:00:00', '12:00:00', 'U', '2', '0', '', '');
INSERT INTO `_pc_devices` VALUES ('306', 'INV-0C-B27BF816', '8 124438', 'INV-0C', '0', '33', 'Bathroom', '', null, null, '0', '0', '0', '0', '0', null, '2014-01-11 13:07:17', '1', '32', '1', '12:00:00', '12:00:00', 'U', '2', '0', '', '');
INSERT INTO `_pc_devices` VALUES ('307', 'INV-0C-B27BF7FA', '8 124410', 'INV-0C', '0', '34', 'Bathroom', '', null, null, '0', '0', '0', '0', '0', null, '2013-12-12 18:01:45', '1', '32', '1', '12:00:00', '12:00:00', 'U', '2', '0', '', '');
INSERT INTO `_pc_devices` VALUES ('308', 'INV-0C-B27BF7F6', '8 124406', 'INV-0C', '0', '37', 'Bathroom', '', null, null, '0', '0', '0', '0', '0', null, '2014-01-10 18:23:32', '1', '32', '1', '12:00:00', '12:00:00', 'U', '2', '0', '', '');
INSERT INTO `_pc_devices` VALUES ('309', 'INV-0C-B27BF634', '8 123956', 'INV-0C', '0', '38', 'Bathroom', '', null, null, '0', '0', '0', '0', '0', null, '2014-03-03 07:46:27', '1', '32', '1', '12:00:00', '12:00:00', 'U', '2', '0', '', '');
INSERT INTO `_pc_devices` VALUES ('310', 'INV-0C-B27C2744', '8 136516', 'INV-0C', '0', '39', 'Bathroom', '', null, null, '0', '0', '0', '0', '0', null, '2013-12-12 18:06:41', '1', '32', '1', '12:00:00', '12:00:00', 'U', '2', '0', '', '');
INSERT INTO `_pc_devices` VALUES ('311', 'INV-0C-B27BF7FE', '8 124414', 'INV-0C', '0', '40', 'Bathroom', '', null, null, '0', '0', '0', '0', '0', null, '2013-12-24 05:25:10', '1', '32', '1', '12:00:00', '12:00:00', 'U', '2', '0', '', '');
INSERT INTO `_pc_devices` VALUES ('312', 'INV-0C-B27BF613', '8 123923', 'INV-0C', '0', '41', 'Bathroom', '', null, null, '0', '0', '0', '0', '0', null, '2014-03-19 13:20:15', '1', '32', '1', '12:00:00', '12:00:00', 'U', '2', '0', '', '');
INSERT INTO `_pc_devices` VALUES ('317', 'INV-0C-B27C495D', '8 145245', 'INV-0C', '0', '215', 'Bathroom', '', null, null, '0', '0', '0', '0', '0', null, '2014-03-19 18:52:23', '1', '32', '1', '12:00:00', '12:00:00', 'U', '2', '0', '', '');
INSERT INTO `_pc_devices` VALUES ('323', 'INV-0C-B27C25DB', '8 136155', 'INV-0C', '0', '130', 'Bathroom', '', null, null, '0', '0', '0', '0', '0', null, '2013-12-12 19:54:49', '1', '32', '1', '12:00:00', '12:00:00', 'U', '2', '0', '', '');
INSERT INTO `_pc_devices` VALUES ('325', 'INV-0C-B27C4995', '8 145301', 'INV-0C', '0', '162', 'Toilet', '', null, null, '0', '0', '0', '0', '0', null, '2013-12-12 18:22:11', '1', '32', '1', '12:00:00', '12:00:00', 'U', '13', '0', '', '');
INSERT INTO `_pc_devices` VALUES ('327', 'INV-0C-B27C4A8B', '8 145547', 'INV-0C', '0', '143', ' ', '', null, null, '0', '0', '0', '0', '0', null, '2013-12-12 19:31:12', '1', '32', '1', '12:00:00', '12:00:00', 'U', '1', '0', '', '');
INSERT INTO `_pc_devices` VALUES ('328', 'INV-0C-B27C4961', '8 145249', 'INV-0C', '0', '144', ' ', '', null, null, '0', '0', '0', '0', '0', null, null, '1', '32', '1', '12:00:00', '12:00:00', 'U', '1', '0', '', '');
INSERT INTO `_pc_devices` VALUES ('329', 'INV-0C-B27C49ED', '8 145389', 'INV-0C', '0', '142', ' ', '', null, null, '0', '0', '0', '0', '0', null, '2014-01-26 12:43:23', '1', '32', '1', '12:00:00', '12:00:00', 'U', '1', '0', '', '');
INSERT INTO `_pc_devices` VALUES ('332', 'INV-0C-B27C4914', '8 145172', 'INV-0C', '0', '171', ' ', '', null, null, '0', '0', '0', '0', '0', null, '2013-12-12 20:28:41', '1', '32', '1', '12:00:00', '12:00:00', 'U', '1', '0', '', '');
INSERT INTO `_pc_devices` VALUES ('333', 'INV-0C-B27C2748', '8 136520', 'INV-0C', '0', '237', '', '', null, null, '0', '0', '0', '0', '0', null, '2013-12-12 20:28:34', '1', '32', '1', '12:00:00', '12:00:00', 'U', '1', '0', '', '');
INSERT INTO `_pc_devices` VALUES ('334', 'INV-0C-B27C4878', '8 145016', 'INV-0C', '0', '172', ' ', '', null, null, '0', '0', '0', '0', '0', null, '2013-12-12 20:28:16', '1', '32', '1', '12:00:00', '12:00:00', 'U', '1', '0', '', '');
INSERT INTO `_pc_devices` VALUES ('335', 'INV-0C-B27C487C', '8 145020', 'INV-0C', '0', '173', ' ', '', null, null, '0', '0', '0', '0', '0', null, '2013-12-12 20:28:36', '1', '32', '1', '12:00:00', '12:00:00', 'U', '1', '0', '', '');
INSERT INTO `_pc_devices` VALUES ('337', 'INV-0C-B27C2743', '8 136515', 'INV-0C', '0', '174', ' ', '', null, null, '0', '0', '0', '0', '0', null, '2014-02-05 09:36:52', '1', '32', '1', '12:00:00', '12:00:00', 'U', '1', '0', '', '');
INSERT INTO `_pc_devices` VALUES ('338', 'INV-0C-B27BFC74', '8 125556', 'INV-0C', '0', '162', 'Shower', '', null, null, '0', '0', '0', '0', '0', null, '2013-12-12 18:22:52', '1', '32', '1', '12:00:00', '12:00:00', 'U', '9', '0', '', '');
INSERT INTO `_pc_devices` VALUES ('339', 'INV-0C-B27C4991', '8 145297', 'INV-0C', '0', '163', ' ', '', null, null, '0', '0', '0', '0', '0', null, '2014-03-13 16:03:48', '1', '32', '1', '12:00:00', '12:00:00', 'U', '1', '0', '', '');
INSERT INTO `_pc_devices` VALUES ('340', 'INV-0C-B27C23B4', '8 135604', 'INV-0C', '0', '170', ' ', '', null, null, '0', '0', '0', '0', '0', null, '2013-12-12 19:22:44', '1', '32', '1', '12:00:00', '12:00:00', 'U', '1', '0', '', '');
INSERT INTO `_pc_devices` VALUES ('341', 'INV-0C-B27C4ABF', '8 145599', 'INV-0C', '0', '161', ' ', '', null, null, '0', '0', '0', '0', '0', null, '2014-02-10 16:18:20', '1', '32', '1', '12:00:00', '12:00:00', 'U', '1', '0', '', '');
INSERT INTO `_pc_devices` VALUES ('342', 'INV-0C-B27C276E', '8 136558', 'INV-0C', '0', '123', 'Bathroom', '', null, null, '0', '0', '0', '0', '0', null, '2013-12-12 20:43:57', '1', '32', '1', '12:00:00', '12:00:00', 'U', '2', '0', '', '');
INSERT INTO `_pc_devices` VALUES ('343', 'INV-0C-B27C48E6', '8 145126', 'INV-0C', '0', '239', ' ', '', null, null, '0', '0', '0', '0', '0', null, '2014-01-12 11:26:39', '1', '32', '1', '12:00:00', '12:00:00', 'U', '1', '0', '', '');
INSERT INTO `_pc_devices` VALUES ('344', 'INV-0C-B27C4AC8', '8 145608', 'INV-0C', '0', '124', ' ', '', null, null, '0', '0', '0', '0', '0', null, '2014-03-11 12:31:03', '1', '32', '1', '12:00:00', '12:00:00', 'U', '1', '0', '', '');
INSERT INTO `_pc_devices` VALUES ('345', 'INV-0C-B27C2AEF', '8 137455', 'INV-0C', '0', '164', ' ', '', null, null, '0', '0', '0', '0', '0', null, '2014-02-10 17:10:09', '1', '32', '1', '12:00:00', '12:00:00', 'U', '1', '0', '', '');
INSERT INTO `_pc_devices` VALUES ('346', 'INV-0C-B27C47F5', '8 144885', 'INV-0C', '0', '157', ' ', '', null, null, '0', '0', '0', '0', '0', null, '2013-12-12 16:19:02', '1', '32', '1', '12:00:00', '12:00:00', 'U', '1', '0', '', '');
INSERT INTO `_pc_devices` VALUES ('347', 'INV-0C-B27C48D6', '8 145110', 'INV-0C', '0', '158', ' ', '', null, null, '0', '0', '0', '0', '0', null, '2013-12-12 16:57:45', '1', '32', '1', '12:00:00', '12:00:00', 'U', '1', '0', '', '');
INSERT INTO `_pc_devices` VALUES ('348', 'INV-0C-B27C4910', '8 145168', 'INV-0C', '0', '132', ' ', '', null, null, '0', '0', '0', '0', '0', null, '2013-12-13 16:21:26', '1', '32', '1', '12:00:00', '12:00:00', 'U', '1', '0', '', '');
INSERT INTO `_pc_devices` VALUES ('349', 'INV-0C-B27C4888', '8 145032', 'INV-0C', '0', '148', ' ', '', null, null, '0', '0', '0', '0', '0', null, '2014-02-22 07:02:42', '1', '32', '1', '12:00:00', '12:00:00', 'U', '1', '0', '', '');
INSERT INTO `_pc_devices` VALUES ('350', 'INV-0C-B27C4ABD', '8 145597', 'INV-0C', '0', '146', ' ', '', null, null, '0', '0', '0', '0', '0', null, '2013-12-12 17:31:47', '1', '32', '1', '12:00:00', '12:00:00', 'U', '1', '0', '', '');
INSERT INTO `_pc_devices` VALUES ('351', 'INV-0C-B27C47E9', '8 144873', 'INV-0C', '0', '147', ' ', '', null, null, '0', '0', '0', '0', '0', null, '2013-12-18 08:26:05', '1', '32', '1', '12:00:00', '12:00:00', 'U', '1', '0', '', '');
INSERT INTO `_pc_devices` VALUES ('352', 'INV-0C-B27C47F9', '8 144889', 'INV-0C', '0', '150', ' ', '', null, null, '0', '0', '0', '0', '0', null, '2013-12-12 17:23:12', '1', '32', '1', '12:00:00', '12:00:00', 'U', '1', '0', '', '');
INSERT INTO `_pc_devices` VALUES ('353', 'INV-0C-B27C4994', '8 145300', 'INV-0C', '0', '131', ' ', '', null, null, '0', '0', '0', '0', '0', null, '2014-03-21 15:45:44', '1', '32', '1', '12:00:00', '12:00:00', 'U', '1', '0', '', '');
INSERT INTO `_pc_devices` VALUES ('354', 'INV-0C-B27C4702', '8 144642', 'INV-0C', '0', '149', ' ', '', null, null, '0', '0', '0', '0', '0', null, '2014-03-19 06:15:05', '1', '32', '1', '12:00:00', '12:00:00', 'U', '1', '0', '', '');
INSERT INTO `_pc_devices` VALUES ('355', 'INV-0C-B27C48CE', '8 145102', 'INV-0C', '0', '153', ' ', '', null, null, '0', '0', '0', '0', '0', null, '2013-12-12 16:49:23', '1', '32', '1', '12:00:00', '12:00:00', 'U', '1', '0', '', '');
INSERT INTO `_pc_devices` VALUES ('356', 'INV-0C-B27C2A3B', '8 137275', 'INV-0C', '0', '151', ' ', '', null, null, '0', '0', '0', '0', '0', null, '2014-02-11 21:27:28', '1', '32', '1', '12:00:00', '12:00:00', 'U', '1', '0', '', '');
INSERT INTO `_pc_devices` VALUES ('357', 'INV-0C-B27C47BD', '8 144829', 'INV-0C', '0', '152', ' ', '', null, null, '0', '0', '0', '0', '0', null, '2014-02-11 21:27:30', '1', '32', '1', '12:00:00', '12:00:00', 'U', '1', '0', '', '');
INSERT INTO `_pc_devices` VALUES ('358', 'INV-0C-B27C4AC4', '8 145604', 'INV-0C', '0', '156', ' ', '', null, null, '0', '0', '0', '0', '0', null, '2013-12-12 16:19:21', '1', '32', '1', '12:00:00', '12:00:00', 'U', '1', '0', '', '');
INSERT INTO `_pc_devices` VALUES ('359', 'INV-0C-B27C478D', '8 144781', 'INV-0C', '0', '155', ' ', '', null, null, '0', '0', '0', '0', '0', null, '2013-12-12 16:19:42', '1', '32', '1', '12:00:00', '12:00:00', 'U', '1', '0', '', '');
INSERT INTO `_pc_devices` VALUES ('360', 'INV-0C-B27C4ABB', '8 145595', 'INV-0C', '0', '154', ' ', '', null, null, '0', '0', '0', '0', '0', null, '2014-02-20 20:34:21', '1', '32', '1', '12:00:00', '12:00:00', 'U', '1', '0', '', '');
INSERT INTO `_pc_devices` VALUES ('366', 'INV-0C-B27C4791', '8 144785', 'INV-0C', '0', '165', ' ', '', null, null, '0', '0', '0', '0', '0', null, '2013-12-12 20:45:29', '1', '32', '1', '12:00:00', '12:00:00', 'U', '1', '0', '', '');
INSERT INTO `_pc_devices` VALUES ('376', 'INV-RP-017B6226', '8 86054', 'INV-RP', '0', '0', 'Tunnel 1', '', null, null, '0', '0', '0', '0', '0', null, null, '1', '0', '1', null, null, 'U', '0', '0', '', '');
INSERT INTO `_pc_devices` VALUES ('377', 'INV-RP-017B614C', '8 85836', 'INV-RP', '0', '0', 'Tunnel 2', '', null, null, '0', '0', '0', '0', '0', null, null, '1', '0', '1', null, null, 'U', '0', '0', '', '');
INSERT INTO `_pc_devices` VALUES ('378', 'INV-RP-017B6373', '8 86387', 'INV-RP', '0', '0', 'Tunnel 3', '', null, null, '0', '0', '0', '0', '0', null, null, '1', '0', '1', null, null, 'U', '0', '0', '', '');
INSERT INTO `_pc_devices` VALUES ('379', 'INV-RP-017B6154', '8 85844', 'INV-RP', '0', '0', 'Tunnel 4', '', null, null, '0', '0', '0', '0', '0', null, null, '1', '0', '1', null, null, 'U', '0', '0', '', '');
INSERT INTO `_pc_devices` VALUES ('380', 'INV-RP-017B621E', '8 86046', 'INV-RP', '0', '0', 'Tunnel 5', '', null, null, '0', '0', '0', '0', '0', null, null, '1', '0', '1', null, null, 'U', '0', '0', '', '');
INSERT INTO `_pc_devices` VALUES ('381', 'INV-RP-017B62D5', '8 86229', 'INV-RP', '0', '0', 'CKH 1st Floor Center', '', null, null, '0', '0', '0', '0', '0', null, null, '1', '0', '1', null, null, 'U', '0', '0', '', '');
INSERT INTO `_pc_devices` VALUES ('386', 'INV-RP-017B615E', '8 85854', 'INV-RP', '0', '0', 'CKH Basement Center', '', null, null, '0', '0', '0', '0', '0', null, null, '1', '0', '1', null, null, 'U', '0', '0', '', '');
INSERT INTO `_pc_devices` VALUES ('387', 'INV-RP-017B6222', '8 86050', 'INV-RP', '0', '0', 'Cottage Kitchen', '', null, null, '0', '0', '0', '0', '0', null, null, '1', '0', '1', null, null, 'U', '0', '0', '', '');
INSERT INTO `_pc_devices` VALUES ('388', 'INV-RP-017C02E4', '8 127204', 'INV-RP', '0', '0', 'MC - Rm 102', '', null, null, '0', '0', '0', '0', '0', null, null, '1', '0', '1', null, null, 'U', '0', '0', '', '');
INSERT INTO `_pc_devices` VALUES ('389', 'INV-RP-017C02D5', '8 127189', 'INV-RP', '0', '0', 'MC - Rm 118', '', null, null, '0', '0', '0', '0', '0', null, null, '1', '0', '1', null, null, 'U', '0', '0', '', '');
INSERT INTO `_pc_devices` VALUES ('390', 'INV-RP-017C32D3', '8 139475', 'INV-RP', '0', '0', 'MC - Chappel Storage', '', null, null, '0', '0', '0', '0', '0', null, null, '1', '0', '1', null, null, 'U', '0', '0', '', '');
INSERT INTO `_pc_devices` VALUES ('391', 'INV-RP-017C313A', '8 139066', 'INV-RP', '0', '0', 'MC - Rm 224', '', null, null, '0', '0', '0', '0', '0', null, null, '1', '0', '1', null, null, 'U', '0', '0', '', '');
INSERT INTO `_pc_devices` VALUES ('392', 'INV-RP-017BBCAE', '8 109230', 'INV-RP', '0', '0', 'MC - Rm 200', '', null, null, '0', '0', '0', '0', '0', null, null, '1', '0', '1', null, null, 'U', '0', '0', '', '');
INSERT INTO `_pc_devices` VALUES ('393', 'INV-RP-017C313F', '8 139071', 'INV-RP', '0', '0', 'MC - Rm 319', '', null, null, '0', '0', '0', '0', '0', null, null, '1', '0', '1', null, null, 'U', '0', '0', '', '');
INSERT INTO `_pc_devices` VALUES ('394', 'INV-RP-017C328D', '8 139405', 'INV-RP', '0', '0', 'MC - Rm 300', '', null, null, '0', '0', '0', '0', '0', null, null, '1', '0', '1', null, null, 'U', '0', '0', '', '');
INSERT INTO `_pc_devices` VALUES ('395', 'INV-RP-017B97D7', '8 99799', 'INV-RP', '0', '0', 'MC - Rm 349', '', null, null, '0', '0', '0', '0', '0', null, null, '1', '0', '1', null, null, 'U', '0', '0', '', '');
INSERT INTO `_pc_devices` VALUES ('396', 'INV-RP-017C02D3', '8 127187', 'INV-RP', '0', '0', 'MC - 421', '', null, null, '0', '0', '0', '0', '0', null, null, '1', '0', '1', null, null, 'U', '0', '0', '', '');
INSERT INTO `_pc_devices` VALUES ('397', 'INV-RP-017C31CF', '8 139215', 'INV-RP', '0', '0', 'MC - Rm 400', '', null, null, '0', '0', '0', '0', '0', null, null, '1', '0', '1', null, null, 'U', '0', '0', '', '');
INSERT INTO `_pc_devices` VALUES ('398', 'INV-RP-017C02E3', '8 127203', 'INV-RP', '0', '0', 'MC - Rm 451', '', null, null, '0', '0', '0', '0', '0', null, null, '1', '0', '1', null, null, 'U', '0', '0', '', '');
INSERT INTO `_pc_devices` VALUES ('399', 'INV-RP-017C011A', '8 126746', 'INV-RP', '0', '0', 'MC - Rm 508', '', null, null, '0', '0', '0', '0', '0', null, null, '1', '0', '1', null, null, 'U', '0', '0', '', '');
INSERT INTO `_pc_devices` VALUES ('400', 'INV-RP-017B97E1', '8 99809', 'INV-RP', '0', '0', 'MC - Rm 500', '', null, null, '0', '0', '0', '0', '0', null, null, '1', '0', '1', null, null, 'U', '0', '0', '', '');
INSERT INTO `_pc_devices` VALUES ('401', 'INV-RP-017C31D7', '8 139223', 'INV-RP', '0', '0', 'Villa 30 - Hickory Room', '', null, null, '0', '0', '0', '0', '0', null, null, '1', '0', '1', null, null, 'U', '0', '0', '', '');
INSERT INTO `_pc_devices` VALUES ('402', 'INV-RP-017C3255', '8 139349', 'INV-RP', '0', '0', 'Villa 19', '', null, null, '0', '0', '0', '0', '0', null, null, '1', '0', '1', null, null, 'U', '0', '0', '', '');
INSERT INTO `_pc_devices` VALUES ('403', 'INV-00-B27BB5AE', '8 107438', 'INV-00', '0', '217', ' ', '', null, null, '0', '0', '0', '0', '0', null, '2014-03-22 18:11:25', '1', '44', '1', '12:00:00', '12:00:00', 'U', '1', '0', '', '');
INSERT INTO `_pc_devices` VALUES ('410', 'INV-RP-017C3149', '8 139081', 'INV-RP', '0', '0', 'Villa Com Room', '', null, null, '0', '0', '0', '0', '0', null, null, '1', '0', '1', null, null, 'U', '0', '0', '', '');
INSERT INTO `_pc_devices` VALUES ('411', 'INV-RP-017C31B2', '8 139186', 'INV-RP', '0', '0', 'Villa 223', '', null, null, '0', '0', '0', '0', '0', null, null, '1', '0', '1', null, null, 'U', '0', '0', '', '');
INSERT INTO `_pc_devices` VALUES ('412', 'INV-RP-017C324E', '8 139342', 'INV-RP', '0', '0', 'Villa 203', '', null, null, '0', '0', '0', '0', '0', null, null, '1', '0', '1', null, null, 'U', '0', '0', '', '');
INSERT INTO `_pc_devices` VALUES ('415', 'INV-RP-017C3142', '8 139074', 'INV-RP', '0', '0', 'Villa 228', '', null, null, '0', '0', '0', '0', '0', null, null, '1', '0', '1', null, null, 'U', '0', '0', '', '');
INSERT INTO `_pc_devices` VALUES ('420', 'INV-RP-017C3151', '8 139089', 'INV-RP', '0', '0', 'CKH 2nd Floor Center', '', null, null, '0', '0', '0', '0', '0', null, null, '1', '0', '1', null, null, 'U', '0', '0', '', '');
INSERT INTO `_pc_devices` VALUES ('432', 'INV-18-B27C10A4', '8 130724', 'INV-18', '126', '0', '', '', null, null, '0', '0', '0', '0', '0', null, '2013-12-12 11:00:42', '1', '26', '1', '12:00:00', '12:00:00', 'U', '0', '0', '', '');
INSERT INTO `_pc_devices` VALUES ('435', 'INV-18-B27C18B5', '8 132789', 'INV-18', '122', '0', '', '', null, null, '0', '0', '0', '0', '0', null, '2014-01-22 15:32:11', '1', '26', '1', '12:00:00', '12:00:00', 'U', '0', '0', '', '');
INSERT INTO `_pc_devices` VALUES ('436', 'INV-18-B27BC1AA', '8 110506', 'INV-18', '129', '0', '', '', null, null, '0', '0', '0', '0', '0', null, null, '1', '26', '1', '12:00:00', '12:00:00', 'U', '0', '0', '', '');
INSERT INTO `_pc_devices` VALUES ('437', 'INV-18-B27C18C1', '8 132801', 'INV-18', '125', '0', '', '', null, null, '0', '0', '0', '0', '0', null, '2014-02-27 08:54:01', '1', '26', '1', '12:00:00', '12:00:00', 'U', '0', '0', '', '');
INSERT INTO `_pc_devices` VALUES ('438', 'INV-18-B27D27EE', '8 202222', 'INV-18', '130', '0', '', '', null, null, '0', '0', '0', '0', '0', null, '2014-03-20 18:41:32', '1', '26', '1', '12:00:00', '12:00:00', 'U', '0', '0', '', '');
INSERT INTO `_pc_devices` VALUES ('440', 'INV-18-B27D2790', '8 202128', 'INV-18', '90', '0', '', '', null, null, '0', '0', '0', '0', '0', null, '2014-02-12 13:56:27', '1', '26', '1', '12:00:00', '12:00:00', 'U', '0', '0', '', '');
INSERT INTO `_pc_devices` VALUES ('441', 'INV-18-B27D2854', '8 202324', 'INV-18', '127', '0', '', '', null, null, '0', '0', '0', '0', '0', null, '2014-01-10 09:59:12', '1', '26', '1', '12:00:00', '12:00:00', 'U', '0', '0', '', '');
INSERT INTO `_pc_devices` VALUES ('442', 'INV-0C-B277FDE3', '7 863779', 'INV-0C', '0', '225', ' ', '', null, null, '0', '0', '0', '0', '0', null, '2014-03-17 19:11:42', '1', '29', '1', '12:00:00', '12:00:00', 'U', '1', '0', '', '');
INSERT INTO `_pc_devices` VALUES ('443', 'INV-0C-B277FEE0', '7 864032', 'INV-0C', '0', '224', ' ', '', null, null, '0', '0', '0', '0', '0', null, '2014-03-17 19:12:35', '1', '29', '1', '12:00:00', '12:00:00', 'U', '1', '0', '', '');
INSERT INTO `_pc_devices` VALUES ('444', 'INV-0C-B27800D8', '7 864536', 'INV-0C', '0', '226', ' ', '', null, null, '0', '0', '0', '0', '0', null, '2014-03-17 18:53:10', '1', '29', '1', '12:00:00', '12:00:00', 'U', '1', '0', '', '');
INSERT INTO `_pc_devices` VALUES ('445', 'INV-0C-B277FD85', '7 863685', 'INV-0C', '0', '229', ' ', '', null, null, '0', '0', '0', '0', '0', null, '2014-01-10 10:17:16', '1', '29', '1', '12:00:00', '12:00:00', 'U', '1', '0', '', '');
INSERT INTO `_pc_devices` VALUES ('446', 'INV-0C-B277FEC6', '7 864006', 'INV-0C', '0', '227', ' ', '', null, null, '0', '0', '0', '0', '0', null, '2014-01-10 05:19:24', '1', '29', '1', '12:00:00', '12:00:00', 'U', '1', '0', '', '');
INSERT INTO `_pc_devices` VALUES ('447', 'INV-0C-B277FDDF', '7 863775', 'INV-0C', '0', '228', ' ', '', null, null, '0', '0', '0', '0', '0', null, '2014-03-17 19:00:14', '1', '29', '1', '12:00:00', '12:00:00', 'U', '1', '0', '', '');
INSERT INTO `_pc_devices` VALUES ('448', 'INV-0C-B277FEEF', '7 864047', 'INV-0C', '0', '222', ' ', '', null, null, '0', '0', '0', '0', '0', null, '2014-03-19 12:48:22', '1', '29', '1', '12:00:00', '12:00:00', 'U', '1', '0', '', '');
INSERT INTO `_pc_devices` VALUES ('449', 'INV-0C-B277FEDC', '7 864028', 'INV-0C', '0', '221', ' ', '', null, null, '0', '0', '0', '0', '0', null, '2014-03-19 12:52:03', '1', '29', '1', '12:00:00', '12:00:00', 'U', '1', '0', '', '');
INSERT INTO `_pc_devices` VALUES ('450', 'INV-0C-B277FEF8', '7 864056', 'INV-0C', '0', '223', ' ', '', null, null, '0', '0', '0', '0', '0', null, '2014-03-08 17:53:20', '1', '29', '1', '12:00:00', '12:00:00', 'U', '1', '0', '', '');
INSERT INTO `_pc_devices` VALUES ('457', 'INV-0C-B277FD95', '7 863701', 'INV-0C', '0', '166', ' ', '', null, null, '0', '0', '0', '0', '0', null, '2014-03-17 18:55:51', '1', '29', '1', '12:00:00', '12:00:00', 'U', '1', '0', '', '');
INSERT INTO `_pc_devices` VALUES ('458', 'INV-0C-B27C4705', '8 144645', 'INV-0C', '0', '72', 'Bed', '', null, null, '0', '0', '0', '0', '0', null, null, '1', '32', '1', '12:00:00', '12:00:00', 'U', '3', '0', '', '');
INSERT INTO `_pc_devices` VALUES ('459', 'INV-0C-B27C470C', '8 144652', 'INV-0C', '0', '92', 'Bed', '', null, null, '0', '0', '0', '0', '0', null, '2013-12-12 11:45:57', '1', '32', '1', '12:00:00', '12:00:00', 'U', '3', '0', '', '');
INSERT INTO `_pc_devices` VALUES ('462', 'INV-0C-B27C4960', '8 145248', 'INV-0C', '0', '189', 'Bathroom', '', null, null, '0', '0', '0', '0', '0', null, '2014-03-03 14:37:09', '1', '32', '1', '12:00:00', '12:00:00', 'U', '2', '0', '', '');
INSERT INTO `_pc_devices` VALUES ('468', 'INV-18-B27D27F2', '8 202226', 'INV-18', '143', '0', '', '', null, null, '0', '0', '0', '0', '0', null, '2014-03-15 15:02:56', '1', '26', '1', '12:00:00', '12:00:00', 'U', '0', '0', '', '');
INSERT INTO `_pc_devices` VALUES ('470', 'INV-18-B27BBFEC', '8 110060', 'INV-18', '144', '0', '', '', null, null, '0', '0', '0', '0', '0', null, null, '1', '26', '1', '12:00:00', '12:00:00', 'U', '0', '0', '', '');
INSERT INTO `_pc_devices` VALUES ('471', 'INV-0C-B27C46FD', '8 144637', 'INV-0C', '0', '233', ' ', '', null, null, '0', '0', '0', '0', '0', null, '2014-03-08 09:55:54', '1', '32', '1', '12:00:00', '12:00:00', 'U', '1', '0', '', '');
INSERT INTO `_pc_devices` VALUES ('472', 'INV-18-B27C18AE', '8 132782', 'INV-18', '145', '0', '', '', null, null, '0', '0', '0', '0', '0', null, null, '1', '26', '1', '12:00:00', '12:00:00', 'U', '0', '0', '', '');
INSERT INTO `_pc_devices` VALUES ('473', 'INV-0C-B27C471B', '8 144667', 'INV-0C', '0', '236', ' ', '', null, null, '0', '0', '0', '0', '0', null, '2014-02-10 21:14:28', '1', '32', '1', '12:00:00', '12:00:00', 'U', '1', '0', '', '');
INSERT INTO `_pc_devices` VALUES ('474', 'INV-0C-B27C24ED', '8 135917', 'INV-0C', '0', '26', 'Bathroom', '', null, null, '0', '0', '0', '0', '0', null, '2013-12-12 17:42:51', '1', '32', '1', '12:00:00', '12:00:00', 'U', '2', '0', '', '');
INSERT INTO `_pc_devices` VALUES ('475', 'INV-0C-B27BF802', '8 124418', 'INV-0C', '0', '121', 'Bathroom', '', null, null, '0', '0', '0', '0', '0', null, '2013-12-12 17:51:39', '1', '32', '1', '12:00:00', '12:00:00', 'U', '2', '0', '', '');
INSERT INTO `_pc_devices` VALUES ('476', 'INV-0C-B27C4795', '8 144789', 'INV-0C', '0', '162', 'Tub', '', null, null, '0', '0', '0', '0', '0', null, '2013-12-12 18:30:31', '1', '32', '1', '12:00:00', '12:00:00', 'U', '12', '0', '', '');
INSERT INTO `_pc_devices` VALUES ('479', 'INV-0C-B27C46EF', '8 144623', 'INV-0C', '0', '238', ' ', '', null, null, '0', '0', '0', '0', '0', null, '2013-12-12 20:34:29', '1', '32', '1', '12:00:00', '12:00:00', 'U', '1', '0', '', '');
INSERT INTO `_pc_devices` VALUES ('490', 'INV-0C-B27C4717', '8 144663', 'INV-0C', '0', '123', ' ', '', null, null, '0', '0', '0', '0', '0', null, '2013-12-16 10:32:48', '1', '32', '1', '12:00:00', '12:00:00', 'U', '1', '0', '', '');
INSERT INTO `_pc_devices` VALUES ('494', 'INV-00-B277306E', '7 811182', 'INV-00', '11', '0', '', '', null, null, '0', '0', '0', '0', '0', null, '2014-03-22 15:34:39', '1', '11', '1', '12:00:00', '12:00:00', 'U', '0', '0', '', '');
INSERT INTO `_pc_devices` VALUES ('495', 'INV-00-B277306A', '7 811178', 'INV-00', '7', '0', '', '', null, null, '0', '0', '0', '0', '0', null, '2014-03-22 18:35:56', '1', '11', '1', '12:00:00', '12:00:00', 'U', '0', '0', '', '');
INSERT INTO `_pc_devices` VALUES ('498', 'INV-00-B277308B', '7 811211', 'INV-00', '1', '0', '', '', null, null, '0', '0', '0', '0', '0', null, '2014-03-21 03:39:35', '1', '11', '1', '12:00:00', '12:00:00', 'U', '0', '0', '', '');
INSERT INTO `_pc_devices` VALUES ('499', 'INV-00-B27730C8', '7 811272', 'INV-00', '53', '0', '', '', null, null, '0', '0', '0', '0', '0', null, '2014-03-21 18:20:26', '1', '11', '1', '12:00:00', '12:00:00', 'U', '0', '0', '', '');
INSERT INTO `_pc_devices` VALUES ('500', 'INV-00-B2773027', '7 811111', 'INV-00', '26', '0', '', '', null, null, '0', '0', '0', '0', '0', null, '2014-03-22 22:44:27', '1', '11', '1', '12:00:00', '12:00:00', 'U', '0', '0', '', '');
INSERT INTO `_pc_devices` VALUES ('502', 'INV-00-B2773028', '7 811112', 'INV-00', '29', '0', '', '', null, null, '0', '0', '0', '0', '0', null, '2014-03-22 06:44:18', '1', '11', '1', '12:00:00', '12:00:00', 'U', '0', '0', '', '');
INSERT INTO `_pc_devices` VALUES ('503', 'INV-00-B2773049', '7 811145', 'INV-00', '28', '0', '', '', null, null, '0', '0', '0', '0', '0', null, '2014-03-22 22:40:29', '1', '11', '1', '12:00:00', '12:00:00', 'U', '0', '0', '', '');
INSERT INTO `_pc_devices` VALUES ('505', 'INV-00-B27730CF', '7 811279', 'INV-00', '19', '0', '', '', null, null, '0', '0', '0', '0', '0', null, '2014-03-22 12:54:08', '1', '11', '1', '12:00:00', '12:00:00', 'U', '0', '0', '', '');
INSERT INTO `_pc_devices` VALUES ('519', 'INV-18-B27BC24D', '8 110669', 'INV-18', '149', '0', '', '', null, null, '0', '0', '0', '0', '0', null, '2013-12-13 19:18:10', '1', '26', '1', '12:00:00', '12:00:00', 'U', '0', '0', '', '');
INSERT INTO `_pc_devices` VALUES ('520', 'INV-18-B27C0FCC', '8 130508', 'INV-18', '150', '0', '', '', null, null, '0', '0', '0', '0', '0', null, null, '1', '26', '1', '12:00:00', '12:00:00', 'U', '0', '0', '', '');
INSERT INTO `_pc_devices` VALUES ('521', 'INV-18-B27C18A9', '8 132777', 'INV-18', '151', '0', '', '', null, null, '0', '0', '0', '0', '0', null, '2013-12-13 18:28:36', '1', '26', '1', '12:00:00', '12:00:00', 'U', '0', '0', '', '');
INSERT INTO `_pc_devices` VALUES ('524', 'INV-18-B27C18AA', '8 132778', 'INV-18', '152', '0', '', '', null, null, '0', '0', '0', '0', '0', null, '2014-01-12 14:51:27', '1', '26', '1', '12:00:00', '12:00:00', 'U', '0', '0', '', '');
INSERT INTO `_pc_devices` VALUES ('543', 'INV-18-B27BBFB7', '8 110007', 'INV-18', '154', '0', '', '', null, null, '0', '0', '0', '0', '0', null, '2014-03-20 16:23:19', '1', '26', '1', '12:00:00', '12:00:00', 'U', '0', '0', '', '');
INSERT INTO `_pc_devices` VALUES ('547', 'INV-18-B27C10B4', '8 130740', 'INV-18', '68', '0', '', '', null, null, '0', '0', '0', '0', '0', null, '2014-03-22 21:21:42', '1', '26', '1', '12:00:00', '12:00:00', 'U', '0', '0', '', '');
INSERT INTO `_pc_devices` VALUES ('553', 'INV-00-B277308F', '7 811215', 'INV-00', '24', '0', '', '', null, null, '0', '0', '0', '0', '0', null, '2014-03-22 22:07:41', '1', '11', '1', '12:00:00', '12:00:00', 'U', '0', '0', '', '');
INSERT INTO `_pc_devices` VALUES ('574', 'INV-18-B27BC1DE', '8 110558', 'INV-18', '165', '0', '', '', null, null, '0', '0', '0', '0', '0', null, '2014-03-16 12:54:28', '1', '26', '1', '12:00:00', '12:00:00', 'U', '0', '0', '', '');
INSERT INTO `_pc_devices` VALUES ('587', 'INV-18-B27C18AF', '8 132783', 'INV-18', '53', '0', '', '', null, null, '0', '0', '0', '0', '0', null, '2014-03-22 20:09:53', '1', '26', '1', '12:00:00', '12:00:00', 'U', '0', '0', '', '');
INSERT INTO `_pc_devices` VALUES ('593', 'INV-18-B27D27DE', '8 202206', 'INV-18', '66', '0', '', '', null, null, '0', '0', '0', '0', '0', null, '2014-03-03 08:31:51', '1', '26', '1', '12:00:00', '12:00:00', 'U', '0', '0', '', '');
INSERT INTO `_pc_devices` VALUES ('598', 'INV-18-B27BC1F4', '8 110580', 'INV-18', '177', '0', '', '', null, null, '0', '0', '0', '0', '0', null, '2014-03-22 02:21:13', '1', '26', '1', '12:00:00', '12:00:00', 'U', '0', '0', '', '');
INSERT INTO `_pc_devices` VALUES ('599', 'INV-18-B27C18B2', '8 132786', 'INV-18', '180', '0', '', '', null, null, '0', '0', '0', '0', '0', null, '2014-03-22 08:40:28', '1', '26', '1', '12:00:00', '12:00:00', 'U', '0', '0', '', '');
INSERT INTO `_pc_devices` VALUES ('600', 'INV-18-B27D2838', '8 202296', 'INV-18', '181', '0', '', '', null, null, '0', '0', '0', '0', '0', null, '2014-03-22 17:32:21', '1', '26', '1', '12:00:00', '12:00:00', 'U', '0', '0', '', '');
INSERT INTO `_pc_devices` VALUES ('605', 'INV-18-B27D2795', '8 202133', 'INV-18', '59', '0', '', '', null, null, '0', '0', '0', '0', '0', null, '2014-03-22 22:56:30', '1', '26', '1', '12:00:00', '12:00:00', 'U', '0', '0', '', '');
INSERT INTO `_pc_devices` VALUES ('608', 'INV-18-B27C0FBD', '8 130493', 'INV-18', '184', '0', '', '', null, null, '0', '0', '0', '0', '0', null, '2014-03-22 03:40:31', '1', '26', '1', '12:00:00', '12:00:00', 'U', '0', '0', '', '');
INSERT INTO `_pc_devices` VALUES ('609', 'INV-0C-B27C24E9', '8 135913', 'INV-0C', '0', '115', 'Bedroom', '', null, null, '0', '0', '0', '0', '0', null, '2014-03-22 20:58:36', '1', '32', '1', '12:00:00', '12:00:00', 'U', '4', '0', '', '');
INSERT INTO `_pc_devices` VALUES ('610', 'INV-18-B27C0FD7', '8 130519', 'INV-18', '19', '0', '', '', null, null, '0', '0', '0', '0', '0', null, '2014-03-22 12:00:16', '1', '26', '1', '12:00:00', '12:00:00', 'U', '0', '0', '', '');
INSERT INTO `_pc_devices` VALUES ('611', 'INV-18-B27D27E6', '8 202214', 'INV-18', '24', '0', '', '', null, null, '0', '0', '0', '0', '0', null, '2014-03-22 22:05:30', '1', '26', '1', '12:00:00', '12:00:00', 'U', '0', '0', '', '');
INSERT INTO `_pc_devices` VALUES ('617', 'INV-00-B2773051', '7 811153', 'INV-00', '182', '0', '', '', null, null, '0', '0', '0', '0', '0', null, '2014-03-15 19:08:14', '1', '11', '1', '12:00:00', '12:00:00', 'U', '0', '0', '', '');
INSERT INTO `_pc_devices` VALUES ('620', 'INV-18-B27BC1A1', '8 110497', 'INV-18', '185', '0', '', '', null, null, '0', '0', '0', '0', '0', null, '2014-03-22 23:18:18', '1', '26', '1', '12:00:00', '12:00:00', 'U', '0', '0', '', '');
INSERT INTO `_pc_devices` VALUES ('621', 'INV-18-B27D285D', '8 202333', 'INV-18', '123', '0', '', '', null, null, '0', '0', '0', '0', '0', null, '2014-03-08 15:00:05', '1', '26', '1', '12:00:00', '12:00:00', 'U', '0', '0', '', '');
INSERT INTO `_pc_devices` VALUES ('624', 'INV-18-B27C0E59', '8 130137', 'INV-18', '4', '0', '', '', null, null, '0', '0', '0', '0', '0', null, '2014-03-21 07:35:21', '1', '26', '1', '12:00:00', '12:00:00', 'U', '0', '0', '', '');
INSERT INTO `_pc_devices` VALUES ('625', 'INV-18-B27BBFDA', '8 110042', 'INV-18', '10', '0', '', '', null, null, '0', '0', '0', '0', '0', null, '2014-03-22 20:07:03', '1', '26', '1', '12:00:00', '12:00:00', 'U', '0', '0', '', '');
INSERT INTO `_pc_devices` VALUES ('627', 'INV-18-B27BC1B2', '8 110514', 'INV-18', '186', '0', '', '', null, null, '0', '0', '0', '0', '0', null, '2014-03-22 21:34:17', '1', '26', '1', '12:00:00', '12:00:00', 'U', '0', '0', '', '');
INSERT INTO `_pc_devices` VALUES ('628', 'INV-18-B27C10B0', '8 130736', 'INV-18', '188', '0', '', '', null, null, '0', '0', '0', '0', '0', null, '2014-03-22 21:59:55', '1', '26', '1', '12:00:00', '12:00:00', 'U', '0', '0', '', '');
INSERT INTO `_pc_devices` VALUES ('629', 'INV-18-B27D27CE', '8 202190', 'INV-18', '189', '0', '', '', null, null, '0', '0', '0', '0', '0', null, '2014-03-22 23:27:59', '1', '26', '1', '12:00:00', '12:00:00', 'U', '0', '0', '', '');
INSERT INTO `_pc_devices` VALUES ('630', 'INV-18-B27C10A8', '8 130728', 'INV-18', '191', '0', '', '', null, null, '0', '0', '0', '0', '0', null, '2014-03-22 21:14:33', '1', '26', '1', '12:00:00', '12:00:00', 'U', '0', '0', '', '');
INSERT INTO `_pc_devices` VALUES ('631', 'INV-18-B27C0FCD', '8 130509', 'INV-18', '82', '0', '', '', null, null, '0', '0', '0', '0', '0', null, '2014-03-13 12:50:31', '1', '26', '1', '12:00:00', '12:00:00', 'U', '0', '0', '', '');
INSERT INTO `_pc_devices` VALUES ('632', 'INV-00-B2773041', '7 811137', 'INV-00', '180', '0', '', '', null, null, '0', '0', '0', '0', '0', null, '2014-03-22 20:17:42', '1', '11', '1', '12:00:00', '12:00:00', 'U', '0', '0', '', '');
INSERT INTO `_pc_devices` VALUES ('636', 'INV-18-B27BC22B', '8 110635', 'INV-18', '193', '0', '', '', null, null, '0', '0', '0', '0', '0', null, '2014-03-22 17:20:50', '1', '26', '1', '12:00:00', '12:00:00', 'U', '0', '0', '', '');
INSERT INTO `_pc_devices` VALUES ('639', 'INV-18-B27C18B1', '8 132785', 'INV-18', '182', '0', '', '', null, null, '0', '0', '0', '0', '0', null, null, '1', '26', '1', '12:00:00', '12:00:00', 'U', '0', '0', '', '');
INSERT INTO `_pc_devices` VALUES ('642', 'INV-18-B27D2858', '8 202328', 'INV-18', '194', '0', '', '', null, null, '0', '0', '0', '0', '0', null, '2014-03-22 21:40:49', '1', '26', '1', '12:00:00', '12:00:00', 'U', '0', '0', '', '');
INSERT INTO `_pc_devices` VALUES ('643', 'INV-18-B27C18A5', '8 132773', 'INV-18', '195', '0', '', '', null, null, '0', '0', '0', '0', '0', null, '2014-03-22 11:16:20', '1', '26', '1', '12:00:00', '12:00:00', 'U', '0', '0', '', '');

-- ----------------------------------
-- Table structure for _pc_locations
-- ----------------------------------
DROP TABLE IF EXISTS `_pc_device_uses`;
CREATE TABLE _pc_device_uses (
  DeviceUseId           integer PRIMARY KEY AUTO_INCREMENT NOT NULL,
  DeviceTypeKey         varchar(20) NOT NULL DEFAULT '',
  DeviceUseName         varchar(50) NOT NULL DEFAULT '',
  DeviceUseShortName    varchar(50) NOT NULL DEFAULT '',
  IsPersonal            tinyint(1) NOT NULL DEFAULT 0,
  ResetToClearAlarm     tinyint(1) NOT NULL DEFAULT 0,
  MinAlarmSecs          integer NOT NULL DEFAULT 0,
  NotifyOnAlarmTrigger  tinyint(1) NOT NULL DEFAULT 1,
  NotifyEveryMins       integer NOT NULL DEFAULT 0,
  NotifyOnClear         tinyint(1) NOT NULL DEFAULT 1,
  CanTimeEnable         tinyint(1) NOT NULL DEFAULT 0,
  CanDisable            tinyint(1) NOT NULL DEFAULT 0,
  CanDisableSupervisor  tinyint(1) NOT NULL DEFAULT 0,
  Alarm0ToClearAlarm1   tinyint(1) NOT NULL DEFAULT 0,
  Alarm1ToClearAlarm0   tinyint(1) NOT NULL DEFAULT 0,
  NotifyOnTamper        tinyint(1) NOT NULL DEFAULT 1,
  Active tinyint(1) DEFAULT 1,
  CheckInAlarm varchar(1) NOT NULL DEFAULT '',
  NotifyOnNoSignal tinyint(1) DEFAULT 1
);

INSERT INTO `_pc_device_uses` (
  DeviceUseId,
  DeviceTypeKey,
  DeviceUseName,
  DeviceUseShortName,
  IsPersonal,
  ResetToClearAlarm,
  MinAlarmSecs,
  NotifyOnAlarmTrigger,
  NotifyEveryMins,
  NotifyOnClear,
  CanTimeEnable,
  CanDisable,
  CanDisableSupervisor,
  Alarm0ToClearAlarm1,
  Alarm1ToClearAlarm0,
  NotifyOnTamper,
  Active,
  CheckInAlarm,
  NotifyOnNoSignal
) VALUES
  (1,'INV-00','Delayed Egress','Egress',0,0,0,1,0,1,0,0,0,0,0,1,1,'',1),
  (2,'INV-00','Doorbell','Doorbell',0,0,60,1,0,0,0,0,0,0,0,1,1,'',1),
  (3,'INV-00','Door Sensor with Keypad','Door',0,0,0,1,0,1,1,1,0,0,0,1,1,'',1),
  (4,'INV-00','Door Sensor','Door',0,0,60,1,0,0,1,1,0,0,0,1,1,'',1),
  (5,'INV-03','Door Sensor','Door',0,0,60,1,0,0,1,1,0,0,0,1,1,'',1),
  (6,'INV-0E','Door Sensor','Door',0,0,60,1,0,0,1,1,0,0,0,1,1,'',1),
  (7,'INV-03','Door Sensor with Reset','Door',0,0,0,1,0,1,1,1,0,1,0,1,1,'',1),
  (8,'INV-0E','Door Sensor with Reset','Door',0,0,0,1,0,1,1,1,0,1,0,1,1,'',1),
  (9,'INV-00','Emergency Exit Button','Exit Button',0,0,0,1,0,1,1,1,0,0,0,1,1,'',1),
  (10,'INV-00','Fixed Fall Monitor','Fall Monitor',0,0,0,1,0,1,1,0,0,0,0,1,1,'',1),
  (11,'INV-00','Mobile Fall Monitor','Fall Monitor',1,0,0,1,0,1,1,0,0,0,0,1,1,'',1),
  (12,'INV-28','Glass Break Detector','Glass Break',0,0,60,1,0,0,1,1,0,0,0,1,1,'',1),
  (13,'INV-00','Incoming Call Detector','Incoming Call',0,0,0,1,0,0,1,1,1,0,0,1,1,'',1),
  (14,'INV-28','Motion Detector','Motion',0,0,60,1,0,0,1,1,0,0,0,1,1,'',1),
  (15,'INV-28','Motion Detector Check-In','Motion',0,0,30,0,0,0,1,1,0,0,0,1,1,'0',1),
  (16,'INV-29','Motion Detector','Motion',0,0,60,1,0,0,1,1,0,0,0,1,1,'',1),
  (17,'INV-29','Motion Detector Check-In','Motion',0,0,30,0,0,0,1,1,0,0,0,1,1,'0',1),
  (18,'INV-2A','Motion Detector','Motion',0,0,60,1,0,0,1,1,0,0,0,1,1,'',1),
  (19,'INV-2A','Motion Detector Check-In','Motion',0,0,30,0,0,0,1,1,0,0,0,1,1,'0',1),
  (20,'INV-2B','Motion Detector','Motion',0,0,60,1,0,0,1,1,0,0,0,1,1,'',1),
  (21,'INV-2B','Motion Detector Check-In','Motion',0,0,30,0,0,0,1,1,0,0,0,1,1,'0',1),
  (22,'INV-0C','Motion Detector','Motion',0,0,60,1,0,0,1,1,0,0,0,1,1,'',1),
  (23,'INV-0C','Motion Detector Check-In','Motion',0,0,30,0,0,0,1,1,0,0,0,1,1,'0',1),
  (24,'INV-31','Motion Detector','Motion',0,0,60,1,0,0,1,1,0,0,0,1,1,'',1),
  (25,'INV-31','Motion Detector Check-In','Motion',0,0,30,0,0,0,1,1,0,0,0,1,1,'0',1),
  (26,'INV-18','Pendant','Pendant',1,1,0,1,0,1,0,0,0,0,0,1,1,'',1),
  (27,'INV-18','Pendant Offsite Monitoring','Pendant',1,0,600,1,0,0,0,0,0,0,0,1,1,'',1),
  (28,'INV-0C','Push Alert Offsite Monitoring','Push Alert',0,0,600,1,0,0,0,0,0,0,0,1,1,'',1),
  (29,'INV-0C','Push Alert with Acknowledge','Push Alert',0,1,0,1,0,1,0,0,0,0,0,1,1,'',1),
  (30,'INV-0C','Push Alert with Acknowledge CheckIn','Push Alert',0,1,0,1,0,1,0,0,0,0,0,1,1,'1',1),
  (31,'INV-00','Pull Cord','Pull Cord',0,0,0,1,0,1,0,0,0,0,0,1,1,'',1),
  (32,'INV-0C','Pull Cord','Pull Cord',0,0,0,1,0,1,0,0,0,0,0,1,1,'',1),
  (33,'INV-0C','Pull Cord with CheckIn','Pull Cord',0,0,0,1,0,1,0,0,0,0,0,1,1,'1',1),
  (34,'INV-00','Push Cord Latching','Push Cord',0,0,0,1,0,1,0,0,0,0,0,1,1,'',1),
  (35,'INV-0C','Fixed Push Cord Momentary','Push Cord',0,1,0,1,0,1,0,0,0,0,0,1,1,'',1),
  (36,'INV-0C','Mobile Push Cord Momentary','Push Cord',1,1,0,1,0,1,0,0,0,1,0,1,1,'',1),
  (37,'INV-0C','Push Cord Latching','Push Cord',0,0,0,1,0,1,0,0,0,0,0,1,1,'',1),
  (38,'INV-00','Fixed Pressure Pad','Pad',0,0,0,1,0,1,1,0,0,0,0,1,1,'',1),
  (39,'INV-00','Mobile Pressure Pad','Pad',1,0,0,1,0,1,1,0,0,0,0,1,1,'',1),
  (40,'INV-00','Screen','Screen',0,0,0,1,0,1,1,1,0,0,0,1,1,'',1),
  (41,'INV-2C','Smoke Detector','Smoke',0,0,0,1,0,1,0,0,0,0,0,1,1,'',1),
  (42,'INV-00','Smoke Transmitter','Smoke',0,0,0,1,0,1,0,0,0,0,0,1,1,'',1),
  (43,'INV-0D','Smoke Transmitter','Smoke',0,0,0,1,0,1,0,0,0,0,0,1,1,'',1),
  (44,'INV-00','Wandering Transmitter','Wandering',0,0,0,1,0,1,0,1,0,0,0,1,1,'',1),
  (45,'INV-01','Wandering Transmitter with Reset','Wandering',0,0,0,1,0,1,0,0,0,0,1,1,1,'',1),
  (46,'INV-03','Window Sensor','Window',0,0,0,1,0,0,1,1,0,0,0,1,1,'',1),
  (47,'INV-0E','Window Sensor','Window',0,0,0,1,0,0,1,1,0,0,0,1,1,'',1),
  (48,'INV-03','Window Sensor with Reset','Window',0,0,0,1,0,1,1,1,0,1,0,1,1,'',1),
  (49,'INV-0E','Window Sensor with Reset','Window',0,0,0,1,0,1,1,1,0,1,0,1,1,'',1),
  (51,'INV-34','Wandering Interface',' ',0,1,0,1,3,1,0,0,1,0,0,1,1,'',1),
  (52,'RA-1','Wandering Tag',' ',1,0,0,1,0,1,0,0,0,0,0,0,1,'',0);

-- ----------------------------
-- Table structure for _pc_locations
-- ----------------------------
DROP TABLE IF EXISTS `_pc_locations`;
CREATE TABLE `_pc_locations` (
  `LocationId` int(11) NOT NULL,
  `LocationName` varchar(255) NOT NULL,
  `BuildingId` int(11) NOT NULL,
  `RoomPhoneNum` varchar(50) DEFAULT NULL,
  `LivingCapacity` int(11) NOT NULL DEFAULT '0',
  `DtCreated` datetime DEFAULT NULL,
  `DtModified` datetime DEFAULT NULL,
  `ModifiedByUserId` int(11) NOT NULL DEFAULT '0',
  `Active` tinyint(1) NOT NULL DEFAULT '1',
  `EscalationProfileId` int(11) NOT NULL DEFAULT '0',
  `AcgPartitionId` int(11) DEFAULT '0',
  `DtAcgSoftPointsDefined` datetime DEFAULT NULL,
  `AcgNumSoftPoints` int(11) DEFAULT '0',
  PRIMARY KEY (`LocationId`)
) ENGINE=InnoDB DEFAULT CHARSET=utf8;

-- ----------------------------
-- Records of _pc_locations
-- ----------------------------
INSERT INTO `_pc_locations` VALUES ('1', 'Pool Shower', '5', null, '0', null, null, '0', '1', '10', '0', null, '0');
INSERT INTO `_pc_locations` VALUES ('2', 'LL Pool Doors', '5', null, '0', null, null, '0', '1', '10', '0', null, '0');
INSERT INTO `_pc_locations` VALUES ('3', 'LL Pool Exit Doors', '5', null, '0', null, null, '0', '1', '10', '0', null, '0');
INSERT INTO `_pc_locations` VALUES ('4', 'LL Center Stairwell', '5', null, '0', null, null, '0', '1', '10', '0', null, '0');
INSERT INTO `_pc_locations` VALUES ('5', 'LL Unit D Exit Door', '5', null, '0', null, null, '0', '1', '10', '0', null, '0');
INSERT INTO `_pc_locations` VALUES ('6', '1st Flr Solarium', '5', null, '0', null, null, '0', '1', '10', '0', null, '0');
INSERT INTO `_pc_locations` VALUES ('7', '1st Flr A Hall Stairwell', '5', null, '0', null, null, '0', '1', '10', '0', null, '0');
INSERT INTO `_pc_locations` VALUES ('8', 'Front Entrance', '5', null, '0', null, null, '0', '1', '10', '0', null, '0');
INSERT INTO `_pc_locations` VALUES ('9', 'Time Clock Entrance', '5', null, '0', null, null, '0', '1', '10', '0', null, '0');
INSERT INTO `_pc_locations` VALUES ('10', '1st Flr Center Stairwell', '5', null, '0', null, null, '0', '1', '10', '0', null, '0');
INSERT INTO `_pc_locations` VALUES ('11', '1st Flr Center Kitchen Door', '5', null, '0', null, null, '0', '1', '10', '0', null, '0');
INSERT INTO `_pc_locations` VALUES ('12', '1st Flr Kitchen', '5', null, '0', null, null, '0', '1', '10', '0', null, '0');
INSERT INTO `_pc_locations` VALUES ('13', '', '-1', null, '-1', null, null, '0', '-1', '-1', '0', null, '0');
INSERT INTO `_pc_locations` VALUES ('14', 'Chapel East Exit Door', '5', null, '0', null, null, '0', '1', '10', '0', null, '0');
INSERT INTO `_pc_locations` VALUES ('15', 'Chapel West Exit Door', '5', null, '0', null, null, '0', '1', '10', '0', null, '0');
INSERT INTO `_pc_locations` VALUES ('16', '1st Flr B Hall Stairwell', '5', null, '0', null, null, '0', '1', '10', '0', null, '0');
INSERT INTO `_pc_locations` VALUES ('17', '1st Flr B Hall Exit Door', '5', null, '0', null, null, '0', '1', '10', '0', null, '0');
INSERT INTO `_pc_locations` VALUES ('18', '2nd A Stairwell', '5', null, '0', null, null, '0', '1', '10', '0', null, '0');
INSERT INTO `_pc_locations` VALUES ('19', '2nd E Hall Stairwell', '5', null, '0', null, null, '0', '1', '10', '0', null, '0');
INSERT INTO `_pc_locations` VALUES ('20', 'Elevator - Left', '5', null, '0', null, null, '0', '1', '10', '0', null, '0');
INSERT INTO `_pc_locations` VALUES ('21', '2nd Center Stairwell', '5', null, '0', null, null, '0', '1', '5', '0', null, '0');
INSERT INTO `_pc_locations` VALUES ('22', '2nd D Hall Stairwell', '5', null, '0', null, null, '0', '1', '10', '0', null, '0');
INSERT INTO `_pc_locations` VALUES ('23', '2nd B Stairwell', '5', null, '0', null, null, '0', '1', '10', '0', null, '0');
INSERT INTO `_pc_locations` VALUES ('24', 'Kasper Room Right Door', '5', null, '0', null, null, '0', '1', '10', '0', null, '0');
INSERT INTO `_pc_locations` VALUES ('25', 'Kasper Room Left Door', '5', null, '0', null, null, '0', '1', '10', '0', null, '0');
INSERT INTO `_pc_locations` VALUES ('26', 'Room 130 B', '5', null, '2', null, null, '0', '1', '2', '0', null, '0');
INSERT INTO `_pc_locations` VALUES ('27', 'Room 131 B', '5', null, '2', null, null, '0', '1', '2', '0', null, '0');
INSERT INTO `_pc_locations` VALUES ('28', 'Room 132 B', '5', null, '2', null, null, '0', '1', '2', '0', null, '0');
INSERT INTO `_pc_locations` VALUES ('29', 'Room 133 B', '5', null, '2', null, null, '0', '1', '2', '0', null, '0');
INSERT INTO `_pc_locations` VALUES ('30', 'Room 134 B', '5', null, '2', null, null, '0', '1', '2', '0', null, '0');
INSERT INTO `_pc_locations` VALUES ('32', 'Room 136 B', '5', null, '2', null, null, '0', '1', '2', '0', null, '0');
INSERT INTO `_pc_locations` VALUES ('33', 'Room 137 B', '5', null, '2', null, null, '0', '1', '2', '0', null, '0');
INSERT INTO `_pc_locations` VALUES ('34', 'Room 138 B', '5', null, '2', null, null, '0', '1', '2', '0', null, '0');
INSERT INTO `_pc_locations` VALUES ('35', '', '-1', null, '-1', null, null, '0', '-1', '-1', '0', null, '0');
INSERT INTO `_pc_locations` VALUES ('36', '', '-1', null, '-1', null, null, '0', '-1', '-1', '0', null, '0');
INSERT INTO `_pc_locations` VALUES ('37', 'Room 141 B', '5', null, '2', null, null, '0', '1', '2', '0', null, '0');
INSERT INTO `_pc_locations` VALUES ('38', 'Room 142 B', '5', null, '2', null, null, '0', '1', '2', '0', null, '0');
INSERT INTO `_pc_locations` VALUES ('39', 'Room 143 B', '5', null, '2', null, null, '0', '1', '2', '0', null, '0');
INSERT INTO `_pc_locations` VALUES ('40', 'Room 144 B', '5', null, '2', null, null, '0', '1', '2', '0', null, '0');
INSERT INTO `_pc_locations` VALUES ('41', 'Room 145 B', '5', null, '2', null, null, '0', '1', '2', '0', null, '0');
INSERT INTO `_pc_locations` VALUES ('42', 'Room 168 E', '5', null, '2', null, null, '0', '1', '1', '0', null, '0');
INSERT INTO `_pc_locations` VALUES ('43', 'Room 169 E', '5', null, '2', null, null, '0', '1', '1', '0', null, '0');
INSERT INTO `_pc_locations` VALUES ('44', 'Room 170 E', '5', null, '2', null, null, '0', '1', '1', '0', null, '0');
INSERT INTO `_pc_locations` VALUES ('45', 'Room 171 E', '5', null, '2', null, null, '0', '1', '1', '0', null, '0');
INSERT INTO `_pc_locations` VALUES ('46', '', '-1', null, '-1', null, null, '0', '-1', '-1', '0', null, '0');
INSERT INTO `_pc_locations` VALUES ('47', '', '-1', null, '-1', null, null, '0', '-1', '-1', '0', null, '0');
INSERT INTO `_pc_locations` VALUES ('48', 'Room 174 E', '5', null, '2', null, null, '0', '1', '1', '0', null, '0');
INSERT INTO `_pc_locations` VALUES ('49', 'Room 175 E', '5', null, '2', null, null, '0', '1', '1', '0', null, '0');
INSERT INTO `_pc_locations` VALUES ('50', 'Room 176 E', '5', null, '2', null, null, '0', '1', '1', '0', null, '0');
INSERT INTO `_pc_locations` VALUES ('51', 'Room 177 E', '5', null, '2', null, null, '0', '1', '1', '0', null, '0');
INSERT INTO `_pc_locations` VALUES ('52', 'Room 178 E', '5', null, '2', null, null, '0', '1', '1', '0', null, '0');
INSERT INTO `_pc_locations` VALUES ('53', 'Room 202 A', '5', null, '2', null, null, '0', '1', '3', '0', null, '0');
INSERT INTO `_pc_locations` VALUES ('54', 'Room 203 A', '5', null, '2', null, null, '0', '1', '3', '0', null, '0');
INSERT INTO `_pc_locations` VALUES ('55', 'Room 204 A', '5', null, '2', null, null, '0', '1', '3', '0', null, '0');
INSERT INTO `_pc_locations` VALUES ('56', '', '-1', null, '-1', null, null, '0', '-1', '-1', '0', null, '0');
INSERT INTO `_pc_locations` VALUES ('57', 'Room 206 A', '5', null, '2', null, null, '0', '1', '3', '0', null, '0');
INSERT INTO `_pc_locations` VALUES ('58', 'Room 207 A', '5', null, '2', null, null, '0', '1', '3', '0', null, '0');
INSERT INTO `_pc_locations` VALUES ('59', 'Room 208 A', '5', null, '2', null, null, '0', '1', '3', '0', null, '0');
INSERT INTO `_pc_locations` VALUES ('60', 'Room 209 A', '5', null, '2', null, null, '0', '1', '3', '0', null, '0');
INSERT INTO `_pc_locations` VALUES ('61', '', '-1', null, '-1', null, null, '0', '-1', '-1', '0', null, '0');
INSERT INTO `_pc_locations` VALUES ('62', '', '-1', null, '-1', null, null, '0', '-1', '-1', '0', null, '0');
INSERT INTO `_pc_locations` VALUES ('63', 'Room 212 A', '5', null, '2', null, null, '0', '1', '3', '0', null, '0');
INSERT INTO `_pc_locations` VALUES ('64', 'Room 213 A', '5', null, '2', null, null, '0', '1', '3', '0', null, '0');
INSERT INTO `_pc_locations` VALUES ('65', 'Room 214 A', '5', null, '2', null, null, '0', '1', '3', '0', null, '0');
INSERT INTO `_pc_locations` VALUES ('66', 'Room 215 A', '5', null, '2', null, null, '0', '1', '3', '0', null, '0');
INSERT INTO `_pc_locations` VALUES ('67', '', '-1', null, '-1', null, null, '0', '-1', '-1', '0', null, '0');
INSERT INTO `_pc_locations` VALUES ('68', 'Room 217 A', '5', null, '2', null, null, '0', '1', '3', '0', null, '0');
INSERT INTO `_pc_locations` VALUES ('69', 'Room 218 A', '5', null, '2', null, null, '0', '1', '3', '0', null, '0');
INSERT INTO `_pc_locations` VALUES ('70', 'Room 227 B', '5', null, '2', null, null, '0', '1', '4', '0', null, '0');
INSERT INTO `_pc_locations` VALUES ('71', 'Room 228 B', '5', null, '2', null, null, '0', '1', '4', '0', null, '0');
INSERT INTO `_pc_locations` VALUES ('72', 'Room 229 B', '5', null, '2', null, null, '0', '1', '4', '0', null, '0');
INSERT INTO `_pc_locations` VALUES ('73', 'Room 230 B', '5', null, '2', null, null, '0', '1', '4', '0', null, '0');
INSERT INTO `_pc_locations` VALUES ('74', 'Room 231 B', '5', null, '2', null, null, '0', '1', '4', '0', null, '0');
INSERT INTO `_pc_locations` VALUES ('75', 'Room 232 B', '5', null, '2', null, null, '0', '1', '4', '0', null, '0');
INSERT INTO `_pc_locations` VALUES ('76', 'Room 233 B', '5', null, '2', null, null, '0', '1', '4', '0', null, '0');
INSERT INTO `_pc_locations` VALUES ('77', 'Room 234 B', '5', null, '2', null, null, '0', '1', '4', '0', null, '0');
INSERT INTO `_pc_locations` VALUES ('78', 'Room 235 B', '5', null, '2', null, null, '0', '1', '4', '0', null, '0');
INSERT INTO `_pc_locations` VALUES ('79', 'Room 236 B', '5', null, '2', null, null, '0', '1', '4', '0', null, '0');
INSERT INTO `_pc_locations` VALUES ('80', 'Room 237 B', '5', null, '2', null, null, '0', '1', '4', '0', null, '0');
INSERT INTO `_pc_locations` VALUES ('81', 'Room 238 B', '5', null, '2', null, null, '0', '1', '4', '0', null, '0');
INSERT INTO `_pc_locations` VALUES ('82', 'Room 239 B', '5', null, '2', null, null, '0', '1', '4', '0', null, '0');
INSERT INTO `_pc_locations` VALUES ('83', 'Room 240 B', '5', null, '2', null, null, '0', '1', '4', '0', null, '0');
INSERT INTO `_pc_locations` VALUES ('84', 'Room 249 D', '5', null, '2', null, null, '0', '1', '5', '0', null, '0');
INSERT INTO `_pc_locations` VALUES ('85', 'Room 250 D', '5', null, '2', null, null, '0', '1', '5', '0', null, '0');
INSERT INTO `_pc_locations` VALUES ('86', 'Room 251 D', '5', null, '2', null, null, '0', '1', '5', '0', null, '0');
INSERT INTO `_pc_locations` VALUES ('87', 'Room 252 D', '5', null, '2', null, null, '0', '1', '5', '0', null, '0');
INSERT INTO `_pc_locations` VALUES ('88', 'Room 253 D', '5', null, '2', null, null, '0', '1', '5', '0', null, '0');
INSERT INTO `_pc_locations` VALUES ('89', '', '-1', null, '-1', null, null, '0', '-1', '-1', '0', null, '0');
INSERT INTO `_pc_locations` VALUES ('90', 'Room 255 D', '5', null, '2', null, null, '0', '1', '5', '0', null, '0');
INSERT INTO `_pc_locations` VALUES ('92', 'Room 257 D', '5', null, '2', null, null, '0', '1', '5', '0', null, '0');
INSERT INTO `_pc_locations` VALUES ('93', 'Room 258 D', '5', null, '2', null, null, '0', '1', '5', '0', null, '0');
INSERT INTO `_pc_locations` VALUES ('94', 'Room 259 D', '5', null, '2', null, null, '0', '1', '5', '0', null, '0');
INSERT INTO `_pc_locations` VALUES ('95', 'Room 260 D', '5', null, '2', null, null, '0', '1', '5', '0', null, '0');
INSERT INTO `_pc_locations` VALUES ('96', 'Room 261 D', '5', null, '2', null, null, '0', '1', '5', '0', null, '0');
INSERT INTO `_pc_locations` VALUES ('102', 'Room 267 D', '5', null, '2', null, null, '0', '1', '5', '0', null, '0');
INSERT INTO `_pc_locations` VALUES ('103', 'Room 268 D', '5', null, '2', null, null, '0', '1', '5', '0', null, '0');
INSERT INTO `_pc_locations` VALUES ('104', 'Room 269 D', '5', null, '2', null, null, '0', '1', '5', '0', null, '0');
INSERT INTO `_pc_locations` VALUES ('105', 'Room 275 E', '5', null, '2', null, null, '0', '1', '6', '0', null, '0');
INSERT INTO `_pc_locations` VALUES ('106', '', '-1', null, '-1', null, null, '0', '-1', '-1', '0', null, '0');
INSERT INTO `_pc_locations` VALUES ('107', 'Room 277 E', '5', null, '2', null, null, '0', '1', '6', '0', null, '0');
INSERT INTO `_pc_locations` VALUES ('108', 'Room 278 E', '5', null, '2', null, null, '0', '1', '6', '0', null, '0');
INSERT INTO `_pc_locations` VALUES ('109', 'Room 279 E', '5', null, '2', null, null, '0', '1', '6', '0', null, '0');
INSERT INTO `_pc_locations` VALUES ('110', 'Room 280 E', '5', null, '2', null, null, '0', '1', '6', '0', null, '0');
INSERT INTO `_pc_locations` VALUES ('111', '', '-1', null, '-1', null, null, '0', '-1', '-1', '0', null, '0');
INSERT INTO `_pc_locations` VALUES ('112', '', '-1', null, '-1', null, null, '0', '-1', '-1', '0', null, '0');
INSERT INTO `_pc_locations` VALUES ('113', 'Room 283 E', '5', null, '2', null, null, '0', '1', '6', '0', null, '0');
INSERT INTO `_pc_locations` VALUES ('114', 'Room 284 E', '5', null, '2', null, null, '0', '1', '6', '0', null, '0');
INSERT INTO `_pc_locations` VALUES ('115', 'Room 285 E', '5', null, '2', null, null, '0', '1', '6', '0', null, '0');
INSERT INTO `_pc_locations` VALUES ('116', 'Room 286 E', '5', null, '2', null, null, '0', '1', '6', '0', null, '0');
INSERT INTO `_pc_locations` VALUES ('117', 'Room 287 E', '5', null, '2', null, null, '0', '1', '6', '0', null, '0');
INSERT INTO `_pc_locations` VALUES ('118', 'Room 288 E', '5', null, '2', null, null, '0', '1', '6', '0', null, '0');
INSERT INTO `_pc_locations` VALUES ('119', 'Room 289 E', '5', null, '2', null, null, '0', '1', '6', '0', null, '0');
INSERT INTO `_pc_locations` VALUES ('120', 'Room 290 E', '5', null, '2', null, null, '0', '1', '6', '0', null, '0');
INSERT INTO `_pc_locations` VALUES ('121', 'Room 135 B', '5', null, '2', null, null, '0', '1', '2', '0', null, '0');
INSERT INTO `_pc_locations` VALUES ('122', 'Room 205 A', '5', null, '2', null, null, '0', '1', '3', '0', null, '0');
INSERT INTO `_pc_locations` VALUES ('123', 'Wellness Center', '5', null, '0', null, null, '0', '1', '2', '0', null, '0');
INSERT INTO `_pc_locations` VALUES ('124', 'Women\'s Rest Room Lobby', '5', null, '0', null, null, '0', '1', '2', '0', null, '0');
INSERT INTO `_pc_locations` VALUES ('125', '', '-1', null, '-1', null, null, '0', '-1', '-1', '0', null, '0');
INSERT INTO `_pc_locations` VALUES ('129', '', '-1', null, '-1', null, null, '0', '-1', '-1', '0', null, '0');
INSERT INTO `_pc_locations` VALUES ('130', 'Room 125 A Sewing Room', '5', null, '0', null, null, '0', '1', '2', '0', null, '0');
INSERT INTO `_pc_locations` VALUES ('131', '2nd B Hall Shower 1', '5', null, '0', null, null, '0', '1', '4', '0', null, '0');
INSERT INTO `_pc_locations` VALUES ('132', '2nd A Hall Shower 2', '5', null, '0', null, null, '0', '1', '3', '0', null, '0');
INSERT INTO `_pc_locations` VALUES ('134', 'Room 337', '7', null, '2', null, null, '0', '1', '7', '0', null, '0');
INSERT INTO `_pc_locations` VALUES ('135', 'Room 349', '7', null, '2', null, null, '0', '1', '7', '0', null, '0');
INSERT INTO `_pc_locations` VALUES ('136', 'Room 445', '7', null, '2', null, null, '0', '1', '7', '0', null, '0');
INSERT INTO `_pc_locations` VALUES ('137', 'Room 313', '7', null, '2', null, null, '0', '1', '7', '0', null, '0');
INSERT INTO `_pc_locations` VALUES ('138', 'Room 351', '7', null, '2', null, null, '0', '1', '7', '0', null, '0');
INSERT INTO `_pc_locations` VALUES ('142', '1st Flr Small Private Restroom', '5', null, '0', null, null, '0', '1', '2', '0', null, '0');
INSERT INTO `_pc_locations` VALUES ('143', '1st Flr Private Bath Large', '5', null, '0', null, null, '0', '1', '2', '0', null, '0');
INSERT INTO `_pc_locations` VALUES ('144', '1st Public Restroom A Wing', '5', null, '0', null, null, '0', '1', '2', '0', null, '0');
INSERT INTO `_pc_locations` VALUES ('145', '', '-1', null, '-1', null, null, '0', '-1', '-1', '0', null, '0');
INSERT INTO `_pc_locations` VALUES ('146', '2nd A Hall Tub', '5', null, '0', null, null, '0', '1', '3', '0', null, '0');
INSERT INTO `_pc_locations` VALUES ('147', '2nd B Hall Bathroom', '5', null, '0', null, null, '0', '1', '4', '0', null, '0');
INSERT INTO `_pc_locations` VALUES ('148', '2nd A Hall Shower 1', '5', null, '0', null, null, '0', '1', '3', '0', null, '0');
INSERT INTO `_pc_locations` VALUES ('149', '2nd B Hall Shower 2', '5', null, '0', null, null, '0', '1', '4', '0', null, '0');
INSERT INTO `_pc_locations` VALUES ('150', '2nd B Hall Tub', '5', null, '0', null, null, '0', '1', '4', '0', null, '0');
INSERT INTO `_pc_locations` VALUES ('151', '2nd D Hall Shower', '5', null, '0', null, null, '0', '1', '5', '0', null, '0');
INSERT INTO `_pc_locations` VALUES ('152', '2nd D Hall Shower Parker Tub', '5', null, '0', null, null, '0', '1', '5', '0', null, '0');
INSERT INTO `_pc_locations` VALUES ('153', '2nd Flr Common Area', '5', null, '0', null, null, '0', '1', '1', '0', null, '0');
INSERT INTO `_pc_locations` VALUES ('154', '2nd E Hall Shower', '5', null, '0', null, null, '0', '1', '6', '0', null, '0');
INSERT INTO `_pc_locations` VALUES ('155', '2nd E Hall Shower 2', '5', null, '0', null, null, '0', '1', '6', '0', null, '0');
INSERT INTO `_pc_locations` VALUES ('156', '2nd E Hall Toilet', '5', null, '0', null, null, '0', '1', '6', '0', null, '0');
INSERT INTO `_pc_locations` VALUES ('157', '2nd E Hall Tub Room', '5', null, '0', null, null, '0', '1', '6', '0', null, '0');
INSERT INTO `_pc_locations` VALUES ('158', '2nd E Hall Sitting Room', '5', null, '0', null, null, '0', '1', '6', '0', null, '0');
INSERT INTO `_pc_locations` VALUES ('161', '2nd Bath by Elevator', '5', null, '0', null, null, '0', '1', '1', '0', null, '0');
INSERT INTO `_pc_locations` VALUES ('162', '1st Flr B Hall', '5', null, '0', null, null, '0', '1', '2', '0', null, '0');
INSERT INTO `_pc_locations` VALUES ('163', '1st Flr Card Room', '5', null, '0', null, null, '0', '1', '2', '0', null, '0');
INSERT INTO `_pc_locations` VALUES ('164', 'Cozy Kitchen', '5', null, '0', null, null, '0', '1', '1', '0', null, '0');
INSERT INTO `_pc_locations` VALUES ('165', 'Kasper Room', '5', null, '0', null, null, '0', '1', '2', '0', null, '0');
INSERT INTO `_pc_locations` VALUES ('166', 'Linden Room', '6', null, '0', null, null, '0', '1', '9', '0', null, '0');
INSERT INTO `_pc_locations` VALUES ('170', 'Mens Restroom Lobby', '5', null, '0', null, null, '0', '1', '2', '0', null, '0');
INSERT INTO `_pc_locations` VALUES ('171', 'Pool Shower 1', '5', null, '0', null, null, '0', '1', '2', '0', null, '0');
INSERT INTO `_pc_locations` VALUES ('172', 'Pool Shower 3', '5', null, '0', null, null, '0', '1', '2', '0', null, '0');
INSERT INTO `_pc_locations` VALUES ('173', 'Pool Shower 4', '5', null, '0', null, null, '0', '1', '2', '0', null, '0');
INSERT INTO `_pc_locations` VALUES ('174', '2nd B Hall Public Restroom', '5', null, '0', null, null, '0', '1', '1', '0', null, '0');
INSERT INTO `_pc_locations` VALUES ('175', 'Room 417', '7', null, '2', null, null, '0', '1', '7', '0', null, '0');
INSERT INTO `_pc_locations` VALUES ('176', 'Room 408 Front', '7', null, '2', null, null, '0', '1', '7', '0', null, '0');
INSERT INTO `_pc_locations` VALUES ('177', 'Room 306 Back', '7', null, '2', null, null, '0', '1', '7', '0', null, '0');
INSERT INTO `_pc_locations` VALUES ('178', 'Room 464', '7', null, '2', null, null, '0', '1', '7', '0', null, '0');
INSERT INTO `_pc_locations` VALUES ('179', 'Room 201', '7', null, '2', null, null, '0', '1', '7', '0', null, '0');
INSERT INTO `_pc_locations` VALUES ('180', 'Room 413', '7', null, '2', null, null, '0', '1', '7', '0', null, '0');
INSERT INTO `_pc_locations` VALUES ('181', 'Room 436', '7', null, '2', null, null, '0', '1', '7', '0', null, '0');
INSERT INTO `_pc_locations` VALUES ('182', 'Room 204', '7', null, '2', null, null, '0', '1', '7', '0', null, '0');
INSERT INTO `_pc_locations` VALUES ('183', 'Room 304', '7', null, '2', null, null, '0', '1', '7', '0', null, '0');
INSERT INTO `_pc_locations` VALUES ('184', 'Room 302', '7', null, '2', null, null, '0', '1', '7', '0', null, '0');
INSERT INTO `_pc_locations` VALUES ('185', 'Room 408 Back', '7', null, '2', null, null, '0', '1', '7', '0', null, '0');
INSERT INTO `_pc_locations` VALUES ('186', 'Room 401', '7', null, '2', null, null, '0', '1', '7', '0', null, '0');
INSERT INTO `_pc_locations` VALUES ('187', 'Room 301', '7', null, '2', null, null, '0', '1', '7', '0', null, '0');
INSERT INTO `_pc_locations` VALUES ('188', 'Room 420', '7', null, '2', null, null, '0', '1', '7', '0', null, '0');
INSERT INTO `_pc_locations` VALUES ('189', 'Room 254 D', '5', null, '2', null, null, '0', '1', '5', '0', null, '0');
INSERT INTO `_pc_locations` VALUES ('190', 'Room 406', '7', null, '2', null, null, '0', '1', '7', '0', null, '0');
INSERT INTO `_pc_locations` VALUES ('191', 'Room 306 Front ', '7', null, '2', null, null, '0', '1', '7', '0', null, '0');
INSERT INTO `_pc_locations` VALUES ('192', 'Room 400', '7', null, '2', null, null, '0', '1', '7', '0', null, '0');
INSERT INTO `_pc_locations` VALUES ('193', 'Room 431', '7', null, '2', null, null, '0', '1', '7', '0', null, '0');
INSERT INTO `_pc_locations` VALUES ('194', 'Room 345', '7', null, '2', null, null, '0', '1', '7', '0', null, '0');
INSERT INTO `_pc_locations` VALUES ('195', 'Room 308 ', '7', null, '2', null, null, '0', '1', '7', '0', null, '0');
INSERT INTO `_pc_locations` VALUES ('196', 'Room 241 B', '5', null, '2', null, null, '0', '1', '4', '0', null, '0');
INSERT INTO `_pc_locations` VALUES ('197', 'Room 316', '7', null, '2', null, null, '0', '1', '7', '0', null, '0');
INSERT INTO `_pc_locations` VALUES ('198', 'Room 303', '7', null, '2', null, null, '0', '1', '7', '0', null, '0');
INSERT INTO `_pc_locations` VALUES ('199', 'Cottage 01', '8', null, '2', null, null, '0', '1', '8', '0', null, '0');
INSERT INTO `_pc_locations` VALUES ('200', 'Cottage 02', '8', null, '2', null, null, '0', '1', '8', '0', null, '0');
INSERT INTO `_pc_locations` VALUES ('201', 'Cottage 03', '8', null, '2', null, null, '0', '1', '8', '0', null, '0');
INSERT INTO `_pc_locations` VALUES ('202', 'Cottage 04', '8', null, '2', null, null, '0', '1', '8', '0', null, '0');
INSERT INTO `_pc_locations` VALUES ('203', 'Cottage 05', '8', null, '2', null, null, '0', '1', '8', '0', null, '0');
INSERT INTO `_pc_locations` VALUES ('204', 'Cottage 06', '8', null, '2', null, null, '0', '1', '8', '0', null, '0');
INSERT INTO `_pc_locations` VALUES ('205', 'Cottage 07', '8', null, '2', null, null, '0', '1', '8', '0', null, '0');
INSERT INTO `_pc_locations` VALUES ('206', 'Cottage 08', '8', null, '2', null, null, '0', '1', '8', '0', null, '0');
INSERT INTO `_pc_locations` VALUES ('207', 'Cottage 09', '8', null, '2', null, null, '0', '1', '8', '0', null, '0');
INSERT INTO `_pc_locations` VALUES ('208', 'Cottage 10', '8', null, '2', null, null, '0', '1', '8', '0', null, '0');
INSERT INTO `_pc_locations` VALUES ('209', 'Room 203', '7', null, '2', null, null, '0', '1', '7', '0', null, '0');
INSERT INTO `_pc_locations` VALUES ('210', 'Room 347', '7', null, '2', null, null, '0', '1', '7', '0', null, '0');
INSERT INTO `_pc_locations` VALUES ('211', 'Room 300', '7', null, '2', null, null, '0', '1', '7', '0', null, '0');
INSERT INTO `_pc_locations` VALUES ('212', 'Room 410', '7', null, '2', null, null, '0', '1', '7', '0', null, '0');
INSERT INTO `_pc_locations` VALUES ('213', '', '-1', null, '-1', null, null, '0', '-1', '-1', '0', null, '0');
INSERT INTO `_pc_locations` VALUES ('215', 'Room 274 E', '5', null, '2', null, null, '0', '1', '6', '0', null, '0');
INSERT INTO `_pc_locations` VALUES ('216', '', '-1', null, '-1', null, null, '0', '-1', '-1', '0', null, '0');
INSERT INTO `_pc_locations` VALUES ('217', 'Elevator - Right', '5', null, '0', null, null, '0', '1', '10', '0', null, '0');
INSERT INTO `_pc_locations` VALUES ('218', 'Cottage 11', '8', null, '2', null, null, '0', '1', '8', '0', null, '0');
INSERT INTO `_pc_locations` VALUES ('219', 'Cottage 12', '8', null, '2', null, null, '0', '1', '8', '0', null, '0');
INSERT INTO `_pc_locations` VALUES ('220', 'Cottage 13', '8', null, '2', null, null, '0', '1', '8', '0', null, '0');
INSERT INTO `_pc_locations` VALUES ('221', 'Lindenwood Ground West', '6', null, '0', null, null, '0', '1', '9', '0', null, '0');
INSERT INTO `_pc_locations` VALUES ('222', 'Lindenwood Ground Center', '6', null, '0', null, null, '0', '1', '9', '0', null, '0');
INSERT INTO `_pc_locations` VALUES ('223', 'Lindenwood Ground East', '6', null, '0', null, null, '0', '1', '9', '0', null, '0');
INSERT INTO `_pc_locations` VALUES ('224', 'Lindenwood 1st Flr West', '6', null, '0', null, null, '0', '1', '9', '0', null, '0');
INSERT INTO `_pc_locations` VALUES ('225', 'Lindenwood 1st Flr Center', '6', null, '0', null, null, '0', '1', '9', '0', null, '0');
INSERT INTO `_pc_locations` VALUES ('226', 'Lindenwood 1st Flr East', '6', null, '0', null, null, '0', '1', '9', '0', null, '0');
INSERT INTO `_pc_locations` VALUES ('227', 'Lindenwood 2nd Flr West', '6', null, '0', null, null, '0', '1', '9', '0', null, '0');
INSERT INTO `_pc_locations` VALUES ('228', 'Lindenwood 2nd Flr East', '6', null, '0', null, null, '0', '1', '9', '0', null, '0');
INSERT INTO `_pc_locations` VALUES ('229', 'Lindenwood 2nd Flr Center', '6', null, '0', null, null, '0', '1', '9', '0', null, '0');
INSERT INTO `_pc_locations` VALUES ('230', 'Room 418', '7', null, '2', null, null, '0', '1', '7', '0', null, '0');
INSERT INTO `_pc_locations` VALUES ('231', 'Room 318', '7', null, '2', null, null, '0', '1', '7', '0', null, '0');
INSERT INTO `_pc_locations` VALUES ('232', 'Room 466', '7', null, '2', null, null, '0', '1', '7', '0', null, '0');
INSERT INTO `_pc_locations` VALUES ('233', '2nd D Hall Bathroom', '5', null, '2', null, null, '0', '1', '5', '0', null, '0');
INSERT INTO `_pc_locations` VALUES ('234', 'MH Hair Care', '7', null, '2', null, null, '0', '1', '7', '0', null, '0');
INSERT INTO `_pc_locations` VALUES ('236', '2nd A Hall Toilet', '5', null, '0', null, null, '0', '1', '3', '0', null, '0');
INSERT INTO `_pc_locations` VALUES ('237', 'Pool Shower 2', '5', null, '0', null, null, '0', '1', '2', '0', null, '0');
INSERT INTO `_pc_locations` VALUES ('238', 'Pool', '5', null, '0', null, null, '0', '1', '2', '0', null, '0');
INSERT INTO `_pc_locations` VALUES ('239', 'Bathroom By Wellness Center', '5', null, '0', null, null, '0', '1', '2', '0', null, '0');
INSERT INTO `_pc_locations` VALUES ('240', 'Test Location', '7', null, '2', null, null, '0', '1', '12', '0', null, '0');
INSERT INTO `_pc_locations` VALUES ('241', '', '-1', null, '-1', null, null, '0', '-1', '-1', '0', null, '0');
INSERT INTO `_pc_locations` VALUES ('242', 'Lindenwood Apartment', '6', null, '3', null, null, '0', '1', '12', '0', null, '0');
INSERT INTO `_pc_locations` VALUES ('243', 'Untitled', '5', null, '2', null, null, '0', '1', '0', '0', null, '0');
INSERT INTO `_pc_locations` VALUES ('244', 'Memory Care', '5', null, '1', null, null, '0', '1', '1', '0', null, '0');
INSERT INTO `_pc_locations` VALUES ('245', 'Room 403', '7', null, '2', null, null, '0', '1', '7', '0', null, '0');
INSERT INTO `_pc_locations` VALUES ('246', 'Room 206', '7', null, '2', null, null, '0', '1', '7', '0', null, '0');
INSERT INTO `_pc_locations` VALUES ('247', 'Room 404', '7', null, '2', null, null, '0', '1', '7', '0', null, '0');
INSERT INTO `_pc_locations` VALUES ('248', 'Room 317', '7', null, '2', null, null, '0', '1', '7', '0', null, '0');
INSERT INTO `_pc_locations` VALUES ('249', 'Room 200', '7', null, '2', null, null, '0', '1', '7', '0', null, '0');

-- ----------------------------------
-- Table structure for _pc_residents
-- ----------------------------------
CREATE TABLE _pc_residents (
  ResidentId       integer PRIMARY KEY NOT NULL,
  FirstName        varchar(255),
  LastName         varchar(255),
  NickName         varchar(255),
  DateOfBirth      DATETIME DEFAULT NULL,
  Active           tinyint(1) NOT NULL DEFAULT 1,
  LocationId       integer NOT NULL DEFAULT 0,
  PhoneNumRoom     varchar(255),
  PhoneNumMobile   varchar(255),
  NotifierMessage  varchar(255),
  DNR              tinyint(1) NOT NULL DEFAULT 0,
  AwayUntil        datetime
);

INSERT INTO _pc_residents (
  ResidentId,
  FirstName,
  LastName,
  NickName,
  DateOfBirth,
  Active,
  LocationId,
  PhoneNumRoom,
  PhoneNumMobile,
  NotifierMessage,
  DNR,
  AwayUntil
) VALUES
  (1,'Mary','Appleman','','1/1/0001',1,95,'','','',0,NULL),
  (2,'Patricia','Belting','','1/1/0001',1,41,'','','',0,NULL),
  (3,'Juanita','Bennett','','1/1/0001',1,86,'','','',0,NULL),
  (4,'Sr. Mary','Boby','','1/1/0001',1,118,'','','',0,NULL),
  (5,'Sr. Wilma','Boeving','','1/1/0001',1,34,'','','',0,NULL),
  (6,'Shirley','Bradfield','','1/1/0001',0,0,'','','',0,NULL),
  (7,'Sr. Stephen','Bruggeman','','1/1/0001',1,105,'','','',0,NULL),
  (8,'Sr. Barbara','Bruns','','1/1/0001',1,114,'','','',0,NULL),
  (9,'Beverly','Bryan','','1/1/0001',0,0,'','','',0,NULL),
  (10,'Frances','Christy','','1/1/0001',1,69,'','','on COUMADIN',0,NULL),
  (11,'Sr. Aline','Clesen','','1/1/0001',1,215,'','','',0,NULL),
  (12,'Betty','Downey','','1/1/0001',0,0,'','','',0,NULL),
  (13,'Nadine','Fox','','1/1/0001',1,88,'','','',0,NULL),
  (14,'Laverna','Geraghty','','1/1/0001',1,212,'','','Dementia Diagnosis',0,NULL),
  (15,'Fred','Goetz','','1/1/0001',0,0,'','','',0,NULL),
  (16,'Dolores','Grover','','1/1/0001',0,0,'','','',0,NULL),
  (17,'Margaret','Hanon','','1/1/0001',1,108,'','','',0,NULL),
  (18,'James','Hardesty','','1/1/0001',1,74,'','','',0,NULL),
  (19,'Anna','Hines','','1/1/0001',1,104,'','','',0,NULL),
  (20,'John','Hiss','','1/1/0001',0,0,'','','',0,NULL),
  (21,'Irv','Holub','','1/1/0001',1,83,'','','',0,NULL),
  (22,'Liz','Holub','','1/1/0001',1,82,'','','',0,NULL),
  (23,'Leona','Jackson','','1/1/0001',0,0,'','','',0,NULL),
  (24,'Hazel','Keiper','','1/1/0001',1,84,'','','',0,NULL),
  (25,'Marjaleen','Kelley','','1/1/0001',1,115,'','','',0,NULL),
  (26,'Barbara','Kober','','1/1/0001',1,119,'','','',0,NULL),
  (27,'Sr. Jeanne','Koehler','','1/1/0001',1,40,'','','',0,NULL),
  (28,'Veronica','Kolselke','','1/1/0001',1,94,'','','',0,NULL),
  (29,'Sr. Alice','Kunkel','','1/1/0001',1,110,'','','',0,NULL),
  (30,'Loretta','Laucis','','1/1/0001',1,80,'','','',0,NULL),
  (31,'Noma','Leland','','1/1/0001',1,73,'','','',0,NULL),
  (32,'Jane','Mannan','','1/1/0001',1,76,'','','',0,NULL),
  (33,'Virginia','Mead','','1/1/0001',1,93,'','','',0,NULL),
  (34,'Sr. Mary Lucy','Megaro','','1/1/0001',1,107,'','','',0,NULL),
  (35,'Helen','Miller','','1/1/0001',1,87,'','','',0,NULL),
  (36,'Linda','Miller','','1/1/0001',0,0,'','','',0,NULL),
  (37,'Jack','Monteleone','','1/1/0001',1,71,'','','',0,NULL),
  (38,'Joan','Monteleone','','1/1/0001',1,81,'','','',0,NULL),
  (39,'Lizzie','Moore','','1/1/0001',1,92,'','','',0,NULL),
  (40,'Sr. Kathleen','Morrisey','','1/1/0001',1,27,'','','',0,NULL),
  (41,'Sr. Agatha','Niebrugge','','1/1/0001',1,113,'','','',0,NULL),
  (42,'Rosemary','Owens','','1/1/0001',0,0,'','','',0,NULL),
  (43,'Sr. Maxine','Peppenhorst','','1/1/0001',1,120,'','','',0,NULL),
  (44,'Ann','Reese','','1/1/0001',0,0,'','','',0,NULL),
  (45,'Lita','Scharnhorst','','1/1/0001',0,0,'','','',0,NULL),
  (46,'Lita','Scharnhorst','','1/1/0001',0,0,'','','',0,NULL),
  (47,'Harriet','Scheetz','','1/1/0001',1,39,'','','',0,NULL),
  (48,'Sr. Georgine','Schleper','','1/1/0001',0,0,'','','',0,NULL),
  (49,'Violet','Schoof','','1/1/0001',1,90,'','','',0,NULL),
  (50,'Bertha','Singleton','','1/1/0001',1,96,'','','',0,NULL),
  (51,'Ruth','Slemp','','1/1/0001',1,75,'','','',0,NULL),
  (52,'Sr. Mary Jane','Sloderback','','1/1/0001',0,0,'','','',0,NULL),
  (53,'Joseph','Spehar','','1/1/0001',1,77,'','','',0,NULL),
  (54,'Jean','Stolingwa','','1/1/0001',1,85,'','','',0,NULL),
  (55,'Bernice','Szocinski','','1/1/0001',1,29,'','','',0,NULL),
  (56,'Sr. Celine','Tomasie','','1/1/0001',1,116,'','','',0,NULL),
  (57,'Alice','Van Handel','','1/1/0001',0,0,'','','',0,NULL),
  (58,'Sr. Antoinette','Volk','','1/1/0001',1,28,'','','',0,NULL),
  (59,'Sr. Helen','Watkins','','1/1/0001',1,117,'','','',0,NULL),
  (60,'Margaret','Weigley','','1/1/0001',1,78,'','','',0,NULL),
  (61,'Barbara','Borskie','','1/1/0001',1,185,'','','',0,NULL),
  (62,'Pat','Carnahan','','1/1/0001',1,186,'','','',0,NULL),
  (63,'John','Carter','','1/1/0001',1,187,'','','',0,NULL),
  (64,'Marcia','Egan','','1/1/0001',1,188,'','','',0,NULL),
  (65,'Mildred','Glant','','1/1/0001',1,189,'','','',0,NULL),
  (66,'Fannie','Green','','1/1/0001',1,191,'','','',0,NULL),
  (67,'Beryl','Green','','1/1/0001',1,190,'','','has episodes of vertigo',0,NULL),
  (68,'Peggy','Hiss','','1/1/0001',1,60,'','','',0,NULL),
  (69,'Sr. Julia','Huelskamp','','1/1/0001',1,193,'','','',0,NULL),
  (70,'Sr. Germaine','Hustedde','','1/1/0001',1,194,'','','',0,NULL),
  (71,'Ken','Jamsa','','1/1/0001',1,195,'','','',0,NULL),
  (72,'Jean','Kindred','','1/1/0001',1,175,'','','',0,NULL),
  (73,'Norma Jean','Kuhn','','1/1/0001',1,26,'','','',0,NULL),
  (74,'Barb','Letica','','1/1/0001',1,176,'','','',0,NULL),
  (75,'Dawn','Moseley','','1/1/0001',1,177,'','','',0,NULL),
  (76,'Sr. Agnes','Muhlenfeldt','','1/1/0001',1,178,'','','',0,NULL),
  (77,'Sr. Marguerite','Niesen','','1/1/0001',1,134,'','','',0,NULL),
  (78,'Jeanette','Rivosecchi','','1/1/0001',1,179,'','','',0,NULL),
  (79,'Ed','Savage','','1/1/0001',1,180,'','','',0,NULL),
  (80,'Helen','Savage','','1/1/0001',1,180,'','','Has heart monitor on',0,NULL),
  (81,'Mary Jo','Shingler','','1/1/0001',1,181,'','','',0,NULL),
  (82,'Charlotte','Skiba','','1/1/0001',1,182,'','','',0,NULL),
  (83,'Mary','Slack','','1/1/0001',1,183,'','','',0,NULL),
  (84,'Berniece','Umbaugh','','1/1/0001',1,70,'','','',0,NULL),
  (85,'Sr. Margaret','Urban','','1/1/0001',0,0,'','','',0,NULL),
  (86,'Sr. Inez','Wilmering','','1/1/0001',1,136,'','','',0,NULL),
  (87,'Bernice','Wilson','','1/1/0001',0,0,'','','',0,NULL),
  (88,'Sr. Coletta','Wrasman','','1/1/0001',1,138,'','','',0,NULL),
  (89,'Thelma','Baldwin','','1/1/0001',1,209,'','','',0,NULL),
  (90,'Sr.','Deanne','','1/1/0001',1,220,'','','',0,NULL),
  (91,'Sr. Joan','Fisher','','1/1/0001',0,0,'','','',0,NULL),
  (92,'Sr. Mary Conrad','Kirchhoff','','1/1/0001',0,0,'','','',0,NULL),
  (93,'Sr. Florence','Kuhn','','1/1/0001',0,0,'','','',0,NULL),
  (94,'Bart','Letica','','1/1/0001',1,198,'','','HEART CONDITION (STENTS)',0,NULL),
  (95,'Lorraine','Letica','','1/1/0001',1,198,'','','',0,NULL),
  (96,'Sr. Johnilda','Mannhard','','1/1/0001',0,0,'','','',0,NULL),
  (97,'Margaret','Petron','','1/1/0001',0,0,'','','Has High BP',0,NULL),
  (98,'Sr. Julienne','Smith','','1/1/0001',0,0,'','','',0,NULL),
  (99,'Phyllis','Thompson','','1/1/0001',1,196,'','','',0,NULL),
  (100,'Richard','Davies','','1/1/0001',1,211,'','','',0,NULL),
  (101,'John','Geraghty','','1/1/0001',1,212,'','','',0,NULL),
  (102,'Donna','Lamb','','1/1/0001',0,0,'','','',0,NULL),
  (103,'Carol','Parker','','1/1/0001',0,0,'','','',0,NULL),
  (104,'Walter','Rader','','1/1/0001',0,0,'','','',0,NULL),
  (105,'Lucille','Stonebraker','','1/1/0001',0,0,'','','',0,NULL),
  (106,'Linda','Styers','','1/1/0001',0,0,'','','',0,NULL),
  (107,'William','Dickson','','1/1/0001',0,0,'','','',0,NULL),
  (108,'Sr. Vivian','Brand','','1/1/0001',0,0,'','','',0,NULL),
  (109,'Sr. Teresa','Schleper','','1/1/0001',1,38,'','','',0,NULL),
  (110,'Sr. Philomene','Pawlik','','1/1/0001',0,0,'','','',0,NULL),
  (111,'Sr. Julia','Barry','','1/1/0001',1,210,'','','',0,NULL),
  (112,'Ruth','Samuelson','','1/1/0001',0,0,'','','',0,NULL),
  (113,'Kevin','Ramsey','','1/1/0001',0,0,'','','',0,NULL),
  (114,'Pat','Wade','','1/1/0001',0,0,'','','',0,NULL),
  (115,'Lois','Smith','','1/1/0001',0,0,'','','',0,NULL),
  (116,'Leona','Stone','','1/1/0001',0,0,'','','',0,NULL),
  (117,'Judith','McCartney','','1/1/0001',0,0,'','','',0,NULL),
  (118,'Henrietta','DuBois','','1/1/0001',0,0,'','','',0,NULL),
  (119,'Beverly','Pepple','','1/1/0001',0,0,'','','',0,NULL),
  (120,'Anna','Powell','','1/1/0001',0,0,'','','',0,NULL),
  (121,'kelly','cordell','','1/1/0001',0,0,'','','bla bla',1,NULL),
  (122,'Sr','Johnilda','','1/1/0001',1,199,'','','',0,NULL),
  (123,'Sr','Joan','','1/1/0001',1,200,'','','',0,NULL),
  (124,'Sr','Heurietta','','1/1/0001',0,0,'','','',0,NULL),
  (125,'Sr','Conrad','','1/1/0001',1,202,'','','',0,NULL),
  (126,'Sr','Florence','','1/1/0001',1,203,'','','',0,NULL),
  (127,'Sr','Julienne','','1/1/0001',1,204,'','','',0,NULL),
  (128,'Sr','Michelle','','1/1/0001',0,0,'','','',0,NULL),
  (129,'Sr','Josie','','1/1/0001',1,206,'','','',0,NULL),
  (130,'Sr','Margaret','','1/1/0001',1,208,'','','',0,NULL),
  (131,'June','Koss','','1/1/0001',0,0,'','','',0,NULL),
  (132,'Sr Edward','Mason','','1/1/0001',0,0,'','','',0,NULL),
  (133,'Marilyn','Baranski','','1/1/0001',0,0,'','','',0,NULL),
  (134,'Viola','Serrano','','1/1/0001',0,0,'','','',0,NULL),
  (135,'Jean','Oliretti','','1/1/0001',0,0,'','','',0,NULL),
  (136,'Marilyn','Stuchly','','1/1/0001',0,0,'','','',0,NULL),
  (137,'Shirley','Scheibal','','1/1/0001',0,0,'','','',0,NULL),
  (138,'Sr Richilde','Dettmer','','1/1/0001',0,0,'','','',0,NULL),
  (139,'Gloria','Cusser','','1/1/0001',0,0,'','','',0,NULL),
  (140,'Donald','Artz','','1/1/0001',0,0,'','','',0,NULL),
  (141,'John','Elliott','','1/1/0001',0,0,'','','',0,NULL),
  (142,'Valeria','Shively','','3/4/1937',0,0,'574-941-1614','','',0,NULL),
  (143,'Alice ','Vanhandel','','1/1/0001',1,230,'','','',0,NULL),
  (144,'SR Ann','Linzmeyer','','1/1/0001',1,232,'','','',0,NULL),
  (145,'Hair Care','4th floor','','1/1/0001',1,234,'','','',0,NULL),
  (146,'Channing','Mitzell','','5/28/1928',0,0,'','','',0,NULL),
  (147,'Test','User','','1/1/0001',1,240,'','','',0,NULL),
  (148,'Stephanie','Fuentes','','1/1/0001',0,0,'','','',1,NULL),
  (149,'Sr. Magadala','Oswald','','1/1/0001',1,242,'','','',0,NULL),
  (150,'Sr. Eileen ','Sullivan','','1/1/0001',1,242,'','','',0,NULL),
  (151,'Sr. Damian','McNamara','','1/1/0001',1,242,'','','',0,NULL),
  (152,'Help','Needed','','1/1/0001',1,244,'','','',0,NULL),
  (153,'JUANITA ','WILKINS','','7/25/1919',0,0,'','','',1,NULL),
  (154,'Jane','Mayhew','','1/1/0001',1,137,'','','',0,NULL),
  (155,'kelly','cord','','1/1/0001',0,0,'','','diabetic',0,NULL),
  (156,'Bernard','Woods','','10/12/1928',0,0,'','','',0,NULL),
  (157,'CYNTHIA','PROCTOR','','1/1/0001',0,0,'','','',0,NULL),
  (158,'Carolyn','Ellis','','1/1/0001',0,0,'','','',0,NULL),
  (159,'Dorothy','Lesch','','1/1/0001',0,0,'','','',0,NULL),
  (160,'Cynthia','Procter','','1/1/0001',0,0,'','','',0,NULL),
  (161,'Clifton','Wringer','','12/26/1924',0,0,'','','',0,NULL),
  (162,'clifton','wringer','','1/1/0001',0,0,'','','',0,NULL),
  (163,'shirley','donaldson','','1/1/0001',0,0,'','','',0,NULL),
  (164,'Helen','Yankey','','1/1/0001',0,0,'','','',0,NULL),
  (165,'georgine','schleper','','1/1/0001',1,33,'','','',0,NULL),
  (166,'Patricia','Schmidt','','1/1/0001',0,0,'','','',0,NULL),
  (167,'Beulah','Dollahan','Boo','1/1/0001',0,0,'','','',0,NULL),
  (168,'Ronald','Eldridge','','1/1/0001',0,0,'','','',0,NULL),
  (169,'Jeanette','Rivosecchi','','1/1/0001',0,0,'','','',0,NULL),
  (170,'Ruth','Wallskog','','1/1/0001',0,0,'','','',0,NULL),
  (171,'Jean','Wall','','1/1/0001',0,0,'','','',0,NULL),
  (172,'Scarlette','Richie','','1/1/0001',0,0,'','','',0,NULL),
  (173,'Doris','Norem','','1/1/0001',0,0,'','','',0,NULL),
  (174,'Doris','Norem','','1/1/0001',0,0,'','','',0,NULL),
  (175,'Doris','Norem','','1/1/0001',0,0,'','','',0,NULL),
  (176,'Doris','Norem','','1/1/0001',0,0,'','','',0,NULL),
  (177,'Doris','Norem','','1/1/0001',1,72,'','','',0,NULL),
  (178,'Eva','Jefferies','','1/1/0001',0,0,'','','',0,NULL),
  (179,'Eva','Jefferies','','1/1/0001',0,0,'','','',0,NULL),
  (180,'Eva','Jefferies','','1/1/0001',1,64,'','','',0,NULL),
  (181,'Geraldine ','Keller','','1/1/0001',1,55,'','','',0,NULL),
  (182,'Kenneth ','Craig','','1/1/0001',1,68,'','','',0,NULL),
  (183,'Doris ','Yockey','','1/1/0001',0,0,'','','',0,NULL),
  (184,'Collette','Oswald','Sr. Magdela','1/1/0001',1,58,'','','',0,NULL),
  (185,'Anna','Dettmer','','1/1/0001',1,59,'','','',0,NULL),
  (186,'Channing','Mitzell','','1/1/0001',1,65,'','','',0,NULL),
  (187,'Patricia','Schmidt','','1/1/0001',0,0,'','','',0,NULL),
  (188,'Patricia','Schmidt','','1/1/0001',1,57,'','','',0,NULL),
  (189,'Violet','Layden','','1/1/0001',1,102,'','','',0,NULL),
  (190,'Oneda','Estes','','1/1/0001',0,0,'','','',0,NULL),
  (191,'Oneda','Estes','','1/1/0001',1,66,'','','',0,NULL),
  (192,'melissa','fortner','','1/1/0001',0,0,'','','',0,NULL),
  (193,'Margaret ','Petron','','1/1/0001',1,30,'','','',0,NULL),
  (194,'Evelyn','Skorup','','1/1/0001',1,54,'','','',0,NULL),
  (195,'Marvoline','Lowry','','1/1/0001',1,63,'','','',0,NULL);